index,kanji,kanji_old,radical,strokes,grade,year,meanings,on,kun,frequency,jlpt
1,亜,亞,二,7,S,,sub-|Asia,ア,,21271,1
2,哀,,口,9,S,,pathetic,アイ,あわ-れ|あわ-れむ,2601,1
3,挨,,手,10,S,2010,push open,アイ,,1804,1
4,愛,,心,13,4,,love,アイ,,780,3
5,曖,,日,17,S,2010,not clear,アイ,,3134,1
6,悪,惡,心,11,3,,bad,アク|オ,わる-い,221,4
7,握,,手,12,S,,grip,アク,にぎ-る,1420,1
8,圧,壓,土,5,5,,pressure,アツ,,3087,2
9,扱,,手,6,S,,handle,,あつか-う,1198,1
10,宛,,宀,8,S,2010,allocate,,あ-てる,10385,1
11,嵐,,山,12,S,2010,storm,,あらし,3474,1
12,安,,宀,6,3,,cheap,アン,やす-い,741,4
13,案,,木,10,4,,plan,アン,,2720,1
14,暗,,日,13,3,,dark,アン,くら-い,1225,3
15,以,,人,5,4,,by means of,イ,,541,4
16,衣,,衣,6,4,,clothes,イ,ころも,4061,2
17,位,,人,7,4,,rank,イ,くらい,962,3
18,囲,圍,囗,7,5,,surround,イ,かこ-む|かこ-う,1014,2
19,医,醫,酉,7,3,,doctor,イ,,1263,4
20,依,,人,8,S,,reliant,イ（エ）,,2550,2
21,委,,女,8,3,,committee,イ,ゆだ-ねる,1648,2
22,威,,女,9,S,,intimidate,イ,,3888,1
23,為,爲,爪,9,S,,do,イ,,65,1
24,畏,,田,9,S,2010,fear,イ,おそ-れる,13642,1
25,胃,,肉,9,6,,stomach,イ,,3050,2
26,尉,,寸,11,S,,military officer,イ,,17488,1
27,異,,田,11,6,,uncommon,イ,こと,483,1
28,移,,禾,11,5,,shift,イ,うつ-る|うつ-す,1450,2
29,萎,,艸,11,S,2010,wither,イ,な-える,15356,1
30,偉,,人,12,S,,admirable,イ,えら-い,2126,3
31,椅,,木,12,S,2010,chair,イ,,1448,1
32,彙,,彐,13,S,2010,same kind,イ,,15600,1
33,意,,心,13,3,,idea,イ,,186,4
34,違,,辵,13,S,,differ,イ,ちが-う|ちが-える,191,3
35,維,,糸,14,S,,fiber,イ,,1635,1
36,慰,,心,15,S,,consolation,イ,なぐさ-める|なぐさ-む,5534,1
37,遺,,辵,15,6,,bequeath,イ（ユイ）,,3446,1
38,緯,,糸,16,S,,horizontal,イ,,3162,1
39,域,,土,11,6,,range,イキ,,358,2
40,育,,肉,8,3,,nurture,イク,そだ-つ|そだ-てる|はぐく-む,906,3
41,一,,一,1,1,,one,イチ|イツ,ひと|ひと-つ,79,5
42,壱,壹,士,7,S,,one (falsification prevention),イチ,,43644,1
43,逸,逸,辵,11,S,,deviate,イツ,,5011,1
44,茨,,艸,9,4,2010,thorn,（いばら）,,7781,1
45,芋,,艸,6,S,,potato,,いも,4087,1
46,引,,弓,4,2,,pull,イン,ひ-く|ひ-ける,465,3
47,印,,卩,6,4,,mark,イン,しるし,1125,2
48,因,,囗,6,5,,cause,イン,よ-る,386,3
49,咽,,口,9,S,2010,throat,イン,,25249,1
50,姻,,女,9,S,,matrimony,イン,,10426,1
51,員,,口,10,3,,member,イン,,1546,4
52,院,,阜,10,3,,institution,イン,,634,4
53,淫,,水,11,S,2010,lewdness,イン,みだ-ら,15454,1
54,陰,,阜,11,S,,shade,イン,かげ|かげ-る,1341,1
55,飲,,食,12,3,,drink,イン,の-む,319,4
56,隠,隱,阜,14,S,,conceal,イン,かく-す|かく-れる,1146,1
57,韻,,音,19,S,,rhyme,イン,,12469,1
58,右,,口,5,1,,right (direction),ウ|ユウ,みぎ,826,5
59,宇,,宀,6,6,,eaves,ウ,,2075,2
60,羽,,羽,6,2,,feather,ウ,は|はね,4218,2
61,雨,,雨,8,1,,rain,ウ,あめ（あま）,728,5
62,唄,,口,10,S,2010,songs with samisen,（うた）,,35377,1
63,鬱,,鬯,29,S,2010,gloom,ウツ,,5986,1
64,畝,,田,10,S,,furrow,,うね,28886,1
65,浦,,水,10,S,,bay,,うら,11137,1
66,運,,辵,12,3,,carry,ウン,はこ-ぶ,909,4
67,雲,,雨,12,2,,cloud,ウン,くも,1809,2
68,永,,水,5,5,,eternity,エイ,なが-い,2648,2
69,泳,,水,8,3,,swim,エイ,およ-ぐ,3184,3
70,英,,艸,8,4,,England,エイ,,912,4
71,映,,日,9,6,,reflect,エイ,うつ-る|うつ-す|は-える,781,4
72,栄,榮,木,9,4,,prosperity,エイ,さか-える|は-え|は-える,3745,2
73,営,營,火,12,5,,manage,エイ,いとな-む,1993,2
74,詠,,言,12,S,,recitation,エイ,よ-む,59564,1
75,影,,彡,15,S,,shadow,エイ,かげ,403,1
76,鋭,,金,15,S,,pointed,エイ,するど-い,2266,2
77,衛,衞,行,16,5,,defense,エイ,,3241,1
78,易,,日,8,5,,easy,エキ|イ,やさ-しい,1558,3
79,疫,,疒,9,S,,epidemic,エキ（ヤク）,,13476,1
80,益,,皿,10,5,,benefit,エキ（ヤク）,,1047,1
81,液,,水,11,5,,fluid,エキ,,3060,2
82,駅,驛,馬,14,3,,station,エキ,,1408,4
83,悦,,心,10,S,,ecstasy,エツ,,14977,1
84,越,,走,12,S,,cross over,エツ,こ-す|こ-える,408,3
85,謁,,言,15,S,,audience,エツ,,43644,1
86,閲,,門,15,S,,review,エツ,,9204,1
87,円,圓,囗,4,1,,round|yen,エン,まる-い,2592,5
88,延,,廴,8,6,,prolong,エン,の-びる|の-べる|の-ばす,4683,2
89,沿,,水,8,6,,run alongside,エン,そ-う,1581,1
90,炎,,火,8,S,,inflammation,エン,ほのお,3106,1
91,怨,,心,9,S,2010,grudge,エン|オン,,23256,1
92,宴,,宀,10,S,,banquet,エン,,8987,1
93,媛,,女,12,4,2010,princess; beautiful woman,エン,,14239,1
94,援,,手,12,S,,aid,エン,,2168,1
95,園,,囗,13,2,,garden,エン,その,2043,3
96,煙,,火,13,S,,smoke,エン,けむ-る|けむり|けむ-い,2861,3
97,猿,,犬,13,S,1981,monkey,エン,さる,4187,1
98,遠,,辵,13,2,,far,エン（オン）,とお-い,1264,3
99,鉛,,金,13,S,,lead,エン,なまり,6201,1
100,塩,鹽,鹵,13,4,,salt,エン,しお,1559,2
101,演,,水,14,5,,perform,エン,,3254,3
102,縁,緣,糸,15,S,,affinity,エン,ふち,2249,1
103,艶,艷,色,19,S,2010,glossy,エン,つや,8382,1
104,汚,,水,6,S,,dirty,オ,けが-す|けが-れる|けが-らわしい|よご-す|よご-れる|きたな-い,3189,2
105,王,,玉,4,1,,king,オウ,,2159,3
106,凹,,凵,5,S,1981,concave,オウ,,8232,1
107,央,,大,5,3,,center,オウ,,1719,2
108,応,應,心,7,5,,respond,オウ,こた-える,667,1
109,往,,彳,8,5,,outward journey,オウ,,7321,1
110,押,,手,8,S,,pushed,オウ,お-す|お-さえる,764,3
111,旺,,日,8,S,2010,flourishing,オウ,,10760,1
112,欧,歐,欠,8,S,,Europe,オウ,,3465,2
113,殴,毆,殳,8,S,,assault,オウ,なぐ-る,3150,1
114,桜,櫻,木,10,5,,cherry tree,オウ,さくら,1767,1
115,翁,,羽,10,S,,venerable old man,オウ,,21271,1
116,奥,奧,大,12,S,,heart,オウ,おく,1013,2
117,横,橫,木,15,3,,side,オウ,よこ,797,3
118,岡,,山,8,4,2010,hill,（おか）,,4880,3
119,屋,,尸,9,3,,roof,オク,や,322,4
120,億,,人,15,4,,hundred million,オク,,10961,2
121,憶,,心,16,S,,recollection,オク,,1043,1
122,臆,,肉,17,S,2010,timidity,オク,,13353,1
123,虞,,虍,13,S,,uneasiness,,おそれ,69434,1
124,乙,,乙,1,S,,the latter,オツ,,9830,1
125,俺,,人,10,S,2010,I|we|myself,,おれ,208,3
126,卸,,卩,9,S,,wholesale,,おろ-す|おろし,16973,1
127,音,,音,9,1,,sound,オン|イン,おと|ね,364,4
128,恩,,心,10,6,,grace,オン,,6667,1
129,温,溫,水,12,3,,warm,オン,あたた-か|あたた-かい|あたた-まる|あたた-める,1457,2
130,穏,穩,禾,16,S,,calm,オン,おだ-やか,2529,1
131,下,,一,3,1,,below,カ|ゲ,した|しも|もと|さ-げる|さ-がる|くだ-る|くだ-す|くだ-さる|お-ろす|お-りる,320,5
132,化,,匕,4,3,,change,カ|ケ,ば-ける|ば-かす,480,3
133,火,,火,4,1,,fire,カ,ひ（ほ）,844,5
134,加,,力,5,4,,add,カ,くわ-える|くわ-わる,384,3
135,可,,口,5,5,,possible,カ,,323,4
136,仮,假,人,6,5,,temporary,カ（ケ）,かり,1279,1
137,何,,人,7,2,,what,カ,なに（なん）,62,5
138,花,,艸,7,1,,flower,カ,はな,398,4
139,佳,,人,8,S,,excellent,カ,,32181,1
140,価,價,人,8,5,,value,カ,あたい,742,1
141,果,,木,8,4,,fruit,カ,は-たす|は-てる|は-て,246,3
142,河,,水,8,5,,river,カ,かわ,4862,2
143,苛,,艸,8,S,2010,torment,カ,,4410,1
144,科,,禾,9,2,,section,カ,,3064,3
145,架,,木,9,S,,rack,カ,か-ける|か-かる,7336,1
146,夏,,夊,10,2,,summer,カ（ゲ）,なつ,737,4
147,家,,宀,10,2,,house,カ|ケ,いえ|や,183,4
148,荷,,艸,10,3,,luggage,カ,に,2332,2
149,華,,艸,10,S,,splendor,カ（ケ）,はな,4279,1
150,菓,,艸,11,S,,confectionery,カ,,3872,2
151,貨,,貝,11,4,,freight,カ,,7695,2
152,渦,,水,12,S,1981,whirlpool,カ,うず,8108,1
153,過,,辵,12,5,,go beyond,カ,す-ぎる|す-ごす|あやま-つ|あやま-ち,652,3
154,嫁,,女,13,S,,marry into,カ,よめ|とつ-ぐ,3156,1
155,暇,,日,13,S,,spare time,カ,ひま,3183,1
156,禍,,示,13,S,,calamity,カ,,43153,1
157,靴,,革,13,S,1981,shoes,カ,くつ,1830,3
158,寡,,宀,14,S,,widow,カ,,24503,1
159,歌,,欠,14,2,,song,カ,うた|うた-う,701,4
160,箇,,竹,14,S,,counters for things,カ,,2197,1
161,稼,,禾,15,S,1981,earnings,カ,かせ-ぐ,3302,1
162,課,,言,15,4,,section,カ,,890,2
163,蚊,,虫,10,S,,mosquito,,か,6493,1
164,牙,,牙,4,S,2010,tusk,ガ（ゲ）,きば,10849,1
165,瓦,,瓦,5,S,2010,tile,ガ,かわら,11269,1
166,我,,戈,7,6,,ego|I|we,ガ,われ|わ,276,1
167,画,畫,田,8,2,,tableau,ガ|カク,,781,4
168,芽,,艸,8,4,,bud,ガ,め,4945,1
169,賀,,貝,12,4,,congratulations,ガ,,7264,1
170,雅,,隹,13,S,,gracious,ガ,,6540,1
171,餓,,食,15,S,,starve,ガ,,7264,1
172,介,,人,4,S,,jammed in,カイ,,612,2
173,回,,囗,6,2,,times,カイ（エ）,まわ-る|まわ-す,449,3
174,灰,,火,6,6,,ashes,カイ,はい,4981,2
175,会,會,曰,6,2,,association,カイ|エ,あ-う,314,4
176,快,,心,7,5,,cheerful,カイ,こころよ-い,3449,2
177,戒,,戈,7,S,,commandment,カイ,いまし-める,6520,1
178,改,,攴,7,4,,reformation,カイ,あらた-める|あらた-まる,1254,2
179,怪,,心,8,S,,suspicious,カイ,あや-しい|あや-しむ,2703,1
180,拐,,手,8,S,1981,kidnap,カイ,,12405,1
181,悔,悔,心,9,S,,repent,カイ,く-いる|く-やむ|くや-しい,3955,1
182,海,海,水,9,2,,sea,カイ,うみ,569,4
183,界,,田,9,3,,world,カイ,,236,4
184,皆,,白,9,S,,all,カイ,みな,392,3
185,械,,木,11,4,,contraption,カイ,,2325,2
186,絵,繪,糸,12,2,,picture,カイ|エ,,841,3
187,開,,門,12,3,,open,カイ,ひら-く|ひら-ける|あ-く|あ-ける,296,4
188,階,,阜,12,3,,floor of a building,カイ,,1061,2
189,塊,,土,13,S,,clod,カイ,かたまり,13989,1
190,楷,,木,13,S,2010,square character style,カイ,,40349,1
191,解,,角,13,5,,untie,カイ|ゲ,と-く|と-かす|と-ける,744,3
192,潰,,水,15,S,2010,crush,カイ,つぶ-す|つぶ-れる,3289,1
193,壊,壞,土,16,S,,demolition,カイ,こわ-す|こわ-れる,2540,1
194,懐,懷,心,16,S,,pocket,カイ,ふところ|なつ-かしい|なつ-かしむ|なつ-く|なつ-ける,2572,1
195,諧,,言,16,S,2010,harmony,カイ,,35066,1
196,貝,,貝,7,1,,shellfish,,かい,7834,2
197,外,,夕,5,2,,outside,ガイ|ゲ,そと|ほか|はず-す|はず-れる,452,5
198,劾,,力,8,S,,censure,ガイ,,45248,1
199,害,,宀,10,4,,harm,ガイ,,1307,3
200,崖,,山,11,S,2010,cliff,ガイ,がけ,5957,1
201,涯,,水,11,S,1981,horizon,ガイ,,2893,1
202,街,,行,12,4,,street,ガイ（カイ）,まち,1188,1
203,慨,慨,心,13,S,,rue,ガイ,,11105,1
204,蓋,,艸,13,S,2010,cover,ガイ,ふた,2588,1
205,該,,言,13,S,,above-stated,ガイ,,1574,1
206,概,槪,木,14,S,,outline,ガイ,,1847,1
207,骸,,骨,16,S,2010,dead remains,ガイ,,10849,1
208,垣,,土,9,S,1981,hedge,,かき,8490,1
209,柿,,木,9,S,2010,persimmon,,かき,9126,1
210,各,,口,6,4,,each,カク,おのおの,2627,2
211,角,,角,7,2,,angle,カク,かど|つの,754,2
212,拡,擴,手,8,6,,broaden,カク,,1505,1
213,革,,革,9,6,,leather,カク,かわ,2186,2
214,格,,木,10,5,,status,カク（コウ）,,945,3
215,核,,木,10,S,,nucleus,カク,,4447,1
216,殻,殼,殳,11,S,1981,husk,カク,から,6300,1
217,郭,,邑,11,S,,enclosure,カク,,7192,1
218,覚,覺,見,12,4,,memorize,カク,おぼ-える|さ-ます|さ-める,501,3
219,較,,車,13,S,,contrast,カク,,1443,1
220,隔,,阜,13,S,,isolate,カク,へだ-てる|へだ-たる,5358,1
221,閣,,門,14,6,,tall,カク,,4949,1
222,確,,石,15,5,,certain,カク,たし-か|たし-かめる,363,3
223,獲,,犬,16,S,,seize,カク,え-る,2726,1
224,嚇,,口,17,S,,menacing,カク,,19087,1
225,穫,,禾,18,S,,harvest,カク,,5194,1
226,学,學,子,8,1,,study,ガク,まな-ぶ,424,5
227,岳,嶽,山,8,S,,point,ガク,たけ,24946,1
228,楽,樂,木,13,2,,pleasure,ガク|ラク,たの-しい|たの-しむ,470,4
229,額,,頁,18,5,,amount,ガク,ひたい,881,2
230,顎,,頁,18,S,2010,jaw,ガク,あご,2921,1
231,掛,,手,11,S,,hang,,か-ける|か-かる|かかり,159,3
232,潟,,水,15,4,1981,lagoon,,かた,7160,1
233,括,,手,9,S,,fasten,カツ,,8629,1
234,活,,水,9,2,,active,カツ,,372,3
235,喝,喝,口,11,S,1981,hoarse,カツ,,23256,1
236,渇,渴,水,11,S,,thirst,カツ,かわ-く,28114,1
237,割,,刀,12,6,,divide,カツ,わ-る|わり|わ-れる|さ-く,694,3
238,葛,,艸,12,S,2010,arrowroot,カツ,くず,7357,1
239,滑,,水,13,S,,slippery,カツ|コツ,すべ-る|なめ-らか,3061,1
240,褐,褐,衣,13,S,1981,brown,カツ,,13275,1
241,轄,,車,17,S,,control,カツ,,10990,1
242,且,,一,5,S,,moreover,,か-つ,669,1
243,株,,木,10,6,,stocks,,かぶ,2422,1
244,釜,,金,10,S,2010,kettle,,かま,7766,1
245,鎌,,金,18,S,2010,sickle,,かま,5819,1
246,刈,,刀,4,S,,reap,,か-る,13116,1
247,干,,干,3,6,,dry,カン,ほ-す|ひ-る,3085,2
248,刊,,刀,5,5,,publish,カン,,6235,2
249,甘,,甘,5,S,,sweet,カン,あま-い|あま-える|あま-やかす,1450,2
250,汗,,水,6,S,,sweat,カン,あせ,1275,2
251,缶,罐,缶,6,S,1981,tin can,カン,,7586,2
252,完,,宀,7,4,,perfect,カン,,757,3
253,肝,,肉,7,S,,liver,カン,きも,3875,1
254,官,,宀,8,4,,government official,カン,,3326,3
255,冠,,冖,9,S,,crown,カン,かんむり,12806,1
256,巻,卷,卩,9,6,,scroll,カン,ま-く|まき,2051,2
257,看,,目,9,6,,watch over,カン,,3499,1
258,陥,陷,阜,10,S,,collapse,カン,おちい-る|おとしい-れる,2138,1
259,乾,,乙,11,S,,dry,カン,かわ-く|かわ-かす,2861,2
260,勘,,力,11,S,,intuition,カン,,5571,1
261,患,,心,11,S,,afflicted,カン,わずら-う,927,2
262,貫,,貝,11,S,,pierce,カン,つらぬ-く,3597,1
263,寒,,宀,12,3,,cold,カン,さむ-い,1363,3
264,喚,,口,12,S,,yell,カン,,8674,1
265,堪,,土,12,S,,withstand,カン,た-える,2278,1
266,換,,手,12,S,,interchange,カン,か-える|か-わる,3041,2
267,敢,,攴,12,S,,daring,カン,,1070,1
268,棺,,木,12,S,,coffin,カン,,11499,1
269,款,,欠,12,S,,goodwill,カン,,6560,1
270,間,,門,12,2,,interval,カン|ケン,あいだ|ま,150,5
271,閑,,門,12,S,,leisure,カン,,11562,1
272,勧,勸,力,13,S,,persuade,カン,すす-める,1234,1
273,寛,寬,宀,13,S,,tolerant,カン,,7889,1
274,幹,,干,13,5,,tree-trunk,カン,みき,4467,1
275,感,,心,13,3,,feeling,カン,,255,3
276,漢,漢,水,13,3,,China,カン,,2655,4
277,慣,,心,14,5,,accustomed,カン,な-れる|な-らす,1525,3
278,管,,竹,14,4,,pipe,カン,くだ,2262,2
279,関,關,門,14,4,,related,カン,せき|かか-わる,214,3
280,歓,歡,欠,15,S,,delight,カン,,6472,1
281,監,,皿,15,S,,oversee,カン,,1918,1
282,緩,,糸,15,S,,slacken,カン,ゆる-い|ゆる-やか|ゆる-む|ゆる-める,4039,1
283,憾,,心,16,S,,remorse,カン,,9204,1
284,還,,辵,16,S,,send back,カン,,9140,1
285,館,,食,16,3,,public building,カン,やかた,2712,4
286,環,,玉,17,S,,ring,カン,,656,1
287,簡,,竹,18,6,,simplicity,カン,,421,2
288,観,觀,見,18,4,,observe,カン,,1245,3
289,韓,,韋,18,S,2010,Korea,カン,,1143,1
290,艦,,舟,21,S,,warship,カン,,11217,1
291,鑑,,金,23,S,,specimen,カン,かんが-みる,5222,1
292,丸,,丶,3,2,,circle,ガン,まる|まる-い|まる-める,695,2
293,含,,口,7,S,,include,ガン,ふく-む|ふく-める,297,2
294,岸,,山,8,3,,beach,ガン,きし,3995,2
295,岩,,山,8,2,,boulder,ガン,いわ,3103,2
296,玩,,玉,8,S,2010,trifle with,ガン,,4373,1
297,眼,,目,11,5,,eyeball,ガン（ゲン）,まなこ,3360,1
298,頑,,頁,13,S,1981,stubborn,ガン,,485,1
299,顔,,頁,18,2,,face,ガン,かお,155,3
300,願,,頁,19,4,,request,ガン,ねが-う,446,3
301,企,,人,6,S,,plan,キ,くわだ-てる,437,1
302,伎,,人,6,S,2010,deed,キ,,9232,1
303,危,,卩,6,6,,dangerous,キ,あぶ-ない|あや-うい|あや-ぶむ,1474,3
304,机,,木,6,6,,desk,キ,つくえ,1964,2
305,気,氣,气,6,1,,feeling,キ|ケ,,116,5
306,岐,,山,7,4,,branch off,キ,,10654,1
307,希,,巾,7,4,,hope,キ,,1580,2
308,忌,,心,7,S,,mourning,キ,い-む|い-まわしい,16716,1
309,汽,,水,7,2,,steam,キ,,6235,1
310,奇,,大,8,S,,strange,キ,,502,1
311,祈,祈,示,8,S,,pray,キ,いの-る,2572,2
312,季,,子,8,4,,seasons,キ,,1667,2
313,紀,,糸,9,5,,chronicle,キ,,3288,1
314,軌,,車,9,S,,rut,キ,,6851,1
315,既,既,无,10,S,,previously,キ,すで-に,277,1
316,記,,言,10,2,,write down,キ,しる-す,919,3
317,起,,走,10,3,,wake up,キ,お-きる|お-こる|お-こす,423,4
318,飢,,食,10,S,,hungry,キ,う-える,9769,1
319,鬼,,鬼,10,S,,ghost,キ,おに,3567,1
320,帰,歸,止,10,2,,return,キ,かえ-る|かえ-す,2355,4
321,基,,土,11,5,,foundation,キ,もと|もとい,402,1
322,寄,,宀,11,5,,approach,キ,よ-る|よ-せる,1799,3
323,規,,見,11,5,,rule,キ,,377,3
324,亀,龜,龜,11,S,2010,turtle,キ,かめ,5480,1
325,喜,,口,12,5,,rejoice,キ,よろこ-ぶ,884,3
326,幾,,幺,12,S,,how many,キ,いく,606,3
327,揮,,手,12,6,,brandish,キ,,2018,1
328,期,,月,12,3,,period of time,キ（ゴ）,,512,3
329,棋,,木,12,S,,chess piece,キ,,10849,1
330,貴,,貝,12,6,,precious,キ,たっと-い|とうと-い|たっと-ぶ|とうと-ぶ,147,1
331,棄,,木,13,S,,abandon,キ,,4838,1
332,毀,,殳,13,S,2010,destroy,キ,,25093,1
333,旗,,方,14,4,,national flag,キ,はた,5281,1
334,器,器,口,15,4,,container,キ,うつわ,2711,1
335,畿,,田,15,S,2010,capital,キ,,16018,1
336,輝,,車,15,S,,radiance,キ,かがや-く,1571,1
337,機,,木,16,4,,machine,キ,はた,828,3
338,騎,,馬,18,S,,equestrian,キ,,9232,1
339,技,,手,7,5,,skill,ギ,わざ,874,2
340,宜,,宀,8,S,,best regards,ギ,,820,1
341,偽,僞,人,11,S,,falsehood,ギ,いつわ-る|にせ,6980,1
342,欺,,欠,12,S,,deceit,ギ,あざむ-く,6101,1
343,義,,羊,13,5,,righteousness,ギ,,1947,1
344,疑,,疋,14,6,,doubt,ギ,うたが-う,1208,3
345,儀,,人,15,S,,ceremony,ギ,,4289,1
346,戯,戲,戈,15,S,,frolic,ギ,たわむ-れる,7781,1
347,擬,,手,17,S,,mimic,ギ,,18418,1
348,犠,犧,牛,17,S,,sacrifice,ギ,,2465,1
349,議,,言,20,4,,deliberation,ギ,,968,3
350,菊,,艸,11,S,,chrysanthemum,キク,,7897,1
351,吉,,口,6,S,,good luck,キチ|キツ,,2957,1
352,喫,,口,12,S,,consume,キツ,,5271,2
353,詰,,言,13,S,,packed,キツ,つ-める|つ-まる|つ-む,268,2
354,却,,卩,7,S,,instead,キャク,,2063,1
355,客,,宀,9,3,,guest,キャク|カク,,1161,3
356,脚,,肉,11,S,,leg,キャク（キャ）,あし,2659,1
357,逆,,辵,9,5,,inverted,ギャク,さか|さか-らう,621,2
358,虐,,虍,9,S,,tyrannize,ギャク,しいた-げる,6624,1
359,九,,乙,2,1,,nine,キュウ|ク,ここの|ここの-つ,528,5
360,久,,丿,3,5,,long time,キュウ（ク）,ひさ-しい,1812,2
361,及,,又,3,S,,reach out,キュウ,およ-ぶ|およ-び|およ-ぼす,128,1
362,弓,,弓,3,2,,bow (archery|violin),キュウ,ゆみ,8098,1
363,丘,,一,5,S,,hill,キュウ,おか,3061,1
364,旧,舊,臼,5,5,,old times,キュウ,,11806,2
365,休,,人,6,1,,rest,キュウ,やす-む|やす-まる|やす-める,1794,5
366,吸,,口,6,6,,suck,キュウ,す-う,1785,3
367,朽,,木,6,S,,decay,キュウ,く-ちる,20746,1
368,臼,,臼,6,S,2010,mortar,キュウ,うす,23660,1
369,求,,水,7,4,,request,キュウ,もと-める,273,3
370,究,,穴,7,3,,research,キュウ,きわ-める,665,4
371,泣,,水,8,4,,cry,キュウ,な-く,1011,1
372,急,,心,9,3,,hurry,キュウ,いそ-ぐ,763,4
373,級,,糸,9,3,,rank,キュウ,,5599,1
374,糾,,糸,9,S,,twist,キュウ,,22057,1
375,宮,,宀,10,3,,Shinto shrine,キュウ|グウ（ク）,みや,4645,1
376,救,,攴,11,5,,salvation,キュウ,すく-う,2068,1
377,球,,玉,11,3,,sphere,キュウ,たま,1588,3
378,給,,糸,12,4,,salary,キュウ,,3020,3
379,嗅,,口,13,S,2010,smell,キュウ,か-ぐ,6450,1
380,窮,,穴,15,S,,hard up,キュウ,きわ-める|きわ-まる,10613,1
381,牛,,牛,4,2,,cow,ギュウ,うし,2836,4
382,去,,厶,5,3,,leave,キョ|コ,さ-る,737,4
383,巨,,工,4,S,,gigantic,キョ,,1852,2
384,居,,尸,8,5,,reside,キョ,い-る,64,3
385,拒,,手,8,S,,repel,キョ,こば-む,3068,1
386,拠,據,手,8,S,,foothold,キョ|コ,,1626,1
387,挙,擧,手,10,4,,raise,キョ,あ-げる|あ-がる,3207,1
388,虚,虛,虍,11,S,,void,キョ（コ）,,6980,1
389,許,,言,11,5,,permit,キョ,ゆる-す,802,3
390,距,,足,12,S,,long-distance,キョ,,1325,1
391,魚,,魚,11,2,,fish,ギョ,うお|さかな,1128,4
392,御,,彳,12,S,,honorable,ギョ|ゴ,おん,115,3
393,漁,,水,14,4,,fishing,ギョ|リョウ,,7929,2
394,凶,,凵,4,S,,villain,キョウ,,11884,1
395,共,,八,6,4,,together,キョウ,とも,247,3
396,叫,,口,6,S,,shout,キョウ,さけ-ぶ,1051,2
397,狂,,犬,7,S,,lunatic,キョウ,くる-う|くる-おしい,3633,1
398,京,,亠,8,2,,capital,キョウ|ケイ,,510,4
399,享,,亠,8,S,,receive,キョウ,,10493,1
400,供,,人,8,6,,offer,キョウ（ク）,そな-える|とも,139,3
401,協,,十,8,4,,cooperation,キョウ,,1395,2
402,況,,水,8,S,,condition,キョウ,,307,2
403,峡,峽,山,9,S,,gorge,キョウ,,20331,1
404,挟,挾,手,9,S,1981,pinch,キョウ,はさ-む|はさ-まる,1715,2
405,狭,狹,犬,9,S,,cramped,キョウ,せま-い|せば-める|せば-まる,1310,1
406,恐,,心,10,S,,fear,キョウ,おそ-れる|おそ-ろしい,740,3
407,恭,,心,10,S,,respect,キョウ,うやうや-しい,17170,1
408,胸,,肉,10,6,,bosom,キョウ,むね（むな）,618,2
409,脅,,肉,10,S,,threaten,キョウ,おびや-かす|おど-す|おど-かす,4241,1
410,強,,弓,11,2,,strong,キョウ|ゴウ,つよ-い|つよ-まる|つよ-める|し-いる,222,4
411,教,,攴,11,2,,teach,キョウ,おし-える|おそ-わる,185,4
412,郷,鄕,邑,11,6,,home town,キョウ|ゴウ,,3220,1
413,境,,土,14,5,,boundary,キョウ（ケイ）,さかい,656,2
414,橋,,木,16,3,,bridge,キョウ,はし,2262,2
415,矯,,矢,17,S,1981,rectify,キョウ,た-める,20950,1
416,鏡,,金,19,4,,mirror,キョウ,かがみ,2281,1
417,競,,立,20,4,,compete,キョウ|ケイ,きそ-う|せ-る,3109,2
418,響,響,音,20,S,,echo,キョウ,ひび-く,403,1
419,驚,,馬,22,S,,wonder,キョウ,おどろ-く|おどろ-かす,607,1
420,仰,,人,6,S,,face-up,ギョウ（コウ）,あお-ぐ|おお-せ,994,1
421,暁,曉,日,12,S,,daybreak,ギョウ,あかつき,10817,1
422,業,,木,13,3,,business,ギョウ|ゴウ,わざ,437,4
423,凝,,冫,16,S,,congeal,ギョウ,こ-る|こ-らす,5301,1
424,曲,,曰,6,3,,musical composition,キョク,ま-がる|ま-げる,911,3
425,局,,尸,7,3,,office,キョク,,774,3
426,極,,木,12,4,,poles,キョク|ゴク,きわ-める|きわ-まる|きわ-み,739,2
427,玉,,玉,5,1,,ball,ギョク,たま,2671,2
428,巾,,巾,3,S,2010,towel,キン,,13786,1
429,斤,,斤,4,S,,axe,キン,,57592,1
430,均,,土,7,5,,level,キン,,3152,2
431,近,,辵,7,2,,near,キン,ちか-い,496,4
432,金,,金,8,1,,gold,キン|コン,かね（かな）,577,5
433,菌,,艸,11,S,,germ,キン,,5232,1
434,勤,勤,力,12,6,,diligence,キン（ゴン）,つと-める|つと-まる,1122,3
435,琴,,玉,12,S,,harp,キン,こと,11906,1
436,筋,,竹,12,6,,muscle,キン,すじ,2280,1
437,僅,,人,13,S,2010,a wee bit,キン,わず-か,1439,1
438,禁,,示,13,5,,prohibition,キン,,3012,2
439,緊,,糸,15,S,,tense,キン,,3041,1
440,錦,,金,16,S,2010,brocade,キン,にしき,20245,1
441,謹,謹,言,17,S,,discreet,キン,つつし-む,38723,1
442,襟,,衣,18,S,1981,collar,キン,えり,5713,1
443,吟,,口,7,S,,versify,ギン,,11181,1
444,銀,,金,14,3,,silver,ギン,,1185,4
445,区,區,匸,4,3,,ward,ク,,3332,2
446,句,,口,5,5,,phrase,ク,,2388,1
447,苦,,艸,8,3,,suffer,ク,くる-しい|くる-しむ|くる-しめる|にが-い|にが-る,1984,3
448,駆,驅,馬,14,S,,drive,ク,か-ける|か-る,3829,1
449,具,,八,8,3,,tool,グ,,609,3
450,惧,,心,11,S,2010,dread,グ,,12015,1
451,愚,,心,13,S,,foolish,グ,おろ-か,6577,1
452,空,,穴,8,1,,sky,クウ,そら|あ-く|あ-ける|から,786,4
453,偶,,人,11,S,,accidentally,グウ,,1710,3
454,遇,,辵,12,S,,interview,グウ,,6325,1
455,隅,,阜,12,S,1981,corner,グウ,すみ,3471,2
456,串,,丨,7,S,2010,skewer,,くし,22534,1
457,屈,,尸,8,S,,yield,クツ,,4107,1
458,掘,,手,11,S,,dig,クツ,ほ-る,4007,2
459,窟,,穴,13,S,2010,cavern,クツ,,7695,1
460,熊,,火,14,4,2010,bear,,くま,3806,1
461,繰,,糸,19,S,,winding,,く-る,655,1
462,君,,口,7,3,,you,クン,きみ,390,3
463,訓,,言,10,4,,instruction,クン,,2764,2
464,勲,勳,力,15,S,,meritorious deed,クン,,16916,1
465,薫,薰,艸,16,S,,fragrant,クン,かお-る,9769,1
466,軍,,車,9,4,,army,グン,,3212,2
467,郡,,邑,10,4,,county,グン,,15454,1
468,群,,羊,13,4,,flock,グン,む-れる|む-れ（むら）,4279,2
469,兄,,儿,5,2,,older brother,ケイ（キョウ）,あに,1467,4
470,刑,,刀,6,S,,punish,ケイ,,3857,1
471,形,,彡,7,2,,shape,ケイ|ギョウ,かた|かたち,263,3
472,系,,糸,7,6,,lineage,ケイ,,5641,1
473,径,徑,彳,8,4,,diameter,ケイ,,4111,1
474,茎,莖,艸,8,S,,stalk,ケイ,くき,4828,1
475,係,,人,9,3,,person in charge,ケイ,かか-る|かかり,242,3
476,型,,土,9,5,,model,ケイ,かた,3246,2
477,契,,大,9,S,,pledge,ケイ,ちぎ-る,1470,1
478,計,,言,9,2,,measure,ケイ,はか-る|はか-らう,990,4
479,恵,惠,心,10,S,,favor,ケイ|エ,めぐ-む,2220,1
480,啓,,口,11,S,,disclose,ケイ,,15717,1
481,掲,揭,手,11,S,,put up (a notice),ケイ,かか-げる,891,1
482,渓,溪,水,11,S,1981,mountain stream,ケイ,,16605,1
483,経,經,糸,11,5,,manage,ケイ|キョウ,へ-る,600,3
484,蛍,螢,虫,11,S,1981,lightning-bug,ケイ,ほたる,7766,1
485,敬,,攴,12,6,,respect,ケイ,うやま-う,5325,2
486,景,,日,12,4,,scenery,ケイ,,1139,3
487,軽,輕,車,12,3,,light,ケイ,かる-い|かろ-やか,733,2
488,傾,,人,13,S,,lean,ケイ,かたむ-く|かたむ-ける,1005,2
489,携,,手,13,S,,portable,ケイ,たずさ-える|たずさ-わる,1641,1
490,継,繼,糸,13,S,,inherit,ケイ,つ-ぐ,2822,1
491,詣,,言,13,S,2010,visit a temple,ケイ,もう-でる,15873,1
492,慶,,心,15,S,,jubilation,ケイ,,9769,1
493,憬,,心,15,S,2010,long for,ケイ,,26677,1
494,稽,,禾,15,S,2010,consider,ケイ,,5337,1
495,憩,,心,16,S,,recess,ケイ,いこ-い|いこ-う,7755,1
496,警,,言,19,6,,guard against,ケイ,,929,3
497,鶏,鷄,鳥,19,S,,chicken,ケイ,にわとり,3727,1
498,芸,藝,艸,7,4,,art,ゲイ,,3308,2
499,迎,,辵,7,S,,welcome,ゲイ,むか-える,727,3
500,鯨,,魚,19,S,,whale,ゲイ,くじら,6479,1
501,隙,,阜,13,S,2010,fissure,ゲキ,すき,3257,1
502,劇,,刀,15,6,,drama,ゲキ,,4613,2
503,撃,擊,手,15,S,,beat,ゲキ,う-つ,2188,1
504,激,,水,16,6,,violent,ゲキ,はげ-しい,798,1
505,桁,,木,10,S,2010,beam,,けた,17103,1
506,欠,缺,缶,4,4,,lack,ケツ,か-ける|か-く,2797,3
507,穴,,穴,5,6,,hole,ケツ,あな,1262,1
508,血,,血,6,3,,blood,ケツ,ち,941,2
509,決,,水,7,3,,decide,ケツ,き-める|き-まる,407,3
510,結,,糸,12,4,,tie,ケツ,むす-ぶ|ゆ-う|ゆ-わえる,246,1
511,傑,,人,13,S,,greatness,ケツ,,8535,1
512,潔,,水,15,5,,undefiled,ケツ,いさぎよ-い,6360,1
513,月,,月,4,1,,month|moon,ゲツ|ガツ,つき,444,5
514,犬,,犬,4,1,,dog,ケン,いぬ,799,4
515,件,,人,6,5,,affair,ケン,,602,3
516,見,,見,7,1,,see,ケン,み-る|み-える|み-せる,51,5
517,券,,刀,8,6,,ticket,ケン,,8360,2
518,肩,,肉,8,S,,shoulder,ケン,かた,832,2
519,建,,廴,9,4,,build,ケン（コン）,た-てる|た-つ,854,4
520,研,硏,石,9,3,,sharpen,ケン,と-ぐ,665,4
521,県,縣,糸,9,3,,prefecture,ケン,,2153,2
522,倹,儉,人,10,S,,frugal,ケン,,46413,1
523,兼,,八,10,S,,concurrently,ケン,か-ねる,4420,1
524,剣,劍,刀,10,S,,sabre,ケン,つるぎ,2068,1
525,拳,,手,10,S,2010,fist,ケン,こぶし,5202,1
526,軒,,車,10,S,,flats,ケン,のき,6465,2
527,健,,人,11,4,,healthy,ケン,すこ-やか,1750,1
528,険,險,阜,11,5,,precipitous,ケン,けわ-しい,1474,3
529,圏,圈,囗,12,S,,sphere,ケン,,7003,1
530,堅,,土,12,S,,strict,ケン,かた-い,11770,1
531,検,檢,木,12,5,,examine,ケン,,975,1
532,嫌,,女,13,S,1981,dislike,ケン（ゲン）,きら-う|いや,565,1
533,献,獻,犬,13,S,,offering,ケン（コン）,,3438,1
534,絹,,糸,13,6,,silk,ケン,きぬ,7586,1
535,遣,,辵,13,S,,dispatch,ケン,つか-う|つか-わす,91,1
536,権,權,木,15,6,,rights,ケン（ゴン）,,886,3
537,憲,,心,16,6,,constitution,ケン,,2207,1
538,賢,,貝,16,S,,intelligent,ケン,かしこ-い,5126,2
539,謙,,言,17,S,,self-effacing,ケン,,10049,1
540,鍵,,金,17,S,2010,key,ケン,かぎ,1658,1
541,繭,,糸,18,S,,cocoon,ケン,まゆ,20746,1
542,顕,顯,頁,18,S,,appear,ケン,,3878,1
543,験,驗,馬,18,4,,test,ケン（ゲン）,,723,4
544,懸,,心,20,S,,suspend,ケン（ケ）,か-ける|か-かる,3918,1
545,元,,儿,4,2,,origin,ゲン|ガン,もと,638,4
546,幻,,幺,4,S,,phantasm,ゲン,まぼろし,6011,1
547,玄,,玄,5,S,,mysterious,ゲン,,1986,1
548,言,,言,7,2,,say,ゲン|ゴン,い-う|こと,24,4
549,弦,,弓,8,S,,bowstring,ゲン,つる,10132,1
550,限,,阜,9,5,,limit,ゲン,かぎ-る,554,3
551,原,,厂,10,2,,field,ゲン,はら,490,3
552,現,,玉,11,5,,appear,ゲン,あらわ-れる|あらわ-す,341,3
553,舷,,舟,11,S,2010,gunwale,ゲン,,50245,1
554,減,,水,12,5,,decrease,ゲン,へ-る|へ-らす,1142,2
555,源,,水,13,6,,origin,ゲン,みなもと,3536,1
556,厳,嚴,口,17,6,,strict,ゲン（ゴン）,おごそ-か|きび-しい,674,1
557,己,,己,3,6,,self,コ|キ,おのれ,1696,1
558,戸,,戶,4,2,,door,コ,と,2104,2
559,古,,口,5,2,,old,コ,ふる-い|ふる-す,794,4
560,呼,,口,8,6,,call,コ,よ-ぶ,205,3
561,固,,囗,8,4,,hard,コ,かた-める|かた-まる|かた-い,1148,2
562,股,,肉,8,S,2010,crotch,コ,また,9601,1
563,虎,,虍,8,S,2010,tiger,コ,とら,5877,1
564,孤,,子,9,S,,orphan,コ,,5957,1
565,弧,,弓,9,S,,arc,コ,,11408,1
566,故,,攴,9,5,,circumstances,コ,ゆえ,238,1
567,枯,,木,9,S,,wither,コ,か-れる|か-らす,5078,2
568,個,,人,10,5,,individual,コ,,897,2
569,庫,,广,10,3,,warehouse,コ（ク）,,2609,2
570,湖,,水,12,3,,lake,コ,みずうみ,4098,2
571,雇,,隹,12,S,,employ,コ,やと-う,3601,2
572,誇,,言,13,S,,boast,コ,ほこ-る,3296,1
573,鼓,,鼓,13,S,,drum,コ,つづみ,7035,1
574,錮,,金,16,S,2010,tie up,コ,,536048,1
575,顧,,頁,21,S,,look back,コ,かえり-みる,2775,1
576,五,,二,4,1,,five,ゴ,いつ|いつ-つ,225,5
577,互,,二,4,S,,mutually,ゴ,たが-い,1160,3
578,午,,十,4,2,,noon,ゴ,,331,5
579,呉,,口,7,S,,give,ゴ,,903,1
580,後,,彳,9,2,,behind,ゴ|コウ,のち|うし-ろ|あと|おく-れる,109,5
581,娯,,女,10,S,,recreation,ゴ,,11932,1
582,悟,,心,10,S,,enlightenment,ゴ,さと-る,3338,1
583,碁,,石,13,S,,Go,ゴ,,13392,1
584,語,,言,14,2,,language,ゴ,かた-る|かた-らう,578,5
585,誤,,言,14,6,,mistake,ゴ,あやま-る,3761,3
586,護,,言,20,5,,safeguard,ゴ,,2244,1
587,口,,口,3,1,,mouth,コウ|ク,くち,306,4
588,工,,工,3,2,,craft,コウ|ク,,2008,4
589,公,,八,4,2,,public,コウ,おおやけ,2043,4
590,勾,,勹,4,S,2010,capture,コウ,,16127,1
591,孔,,子,4,S,,cavity,コウ,,9756,1
592,功,,力,5,4,,achievement,コウ（ク）,,1330,1
593,巧,,工,5,S,,adroit,コウ,たく-み,4652,1
594,広,廣,广,5,2,,wide,コウ,ひろ-い|ひろ-まる|ひろ-める|ひろ-がる|ひろ-げる,588,4
595,甲,,田,5,S,,armor,コウ|カン,,5312,1
596,交,,亠,6,2,,mix,コウ,まじ-わる|まじ-える|ま-じる|ま-ざる|ま-ぜる|か-う|か-わす,1714,3
597,光,,儿,6,2,,ray,コウ,ひか-る|ひかり,586,3
598,向,,口,6,3,,over there,コウ,む-く|む-ける|む-かう|む-こう,325,3
599,后,,口,6,6,,empress,コウ,,9458,1
600,好,,女,6,4,,like,コウ,この-む|す-く,259,3
601,江,,水,6,S,,inlet,コウ,え,2104,1
602,考,,老,6,2,,think,コウ,かんが-える,80,4
603,行,,行,6,2,,go,コウ|ギョウ（アン）,い-く|ゆ-く|おこな-う,58,5
604,坑,,土,7,S,,pit,コウ,,41228,1
605,孝,,子,7,6,,filial piety,コウ,,24083,1
606,抗,,手,7,S,,confront,コウ,,2753,1
607,攻,,攴,7,S,,aggression,コウ,せ-める,2188,1
608,更,,曰,7,S,,grow late,コウ,さら|ふ-ける|ふ-かす,278,3
609,効,效,力,8,5,,effect,コウ,き-く,617,2
610,幸,,干,8,3,,happiness,コウ,さいわ-い|さち|しあわ-せ,1514,3
611,拘,,手,8,S,,arrest,コウ,,7212,1
612,肯,,肉,8,S,,agreement,コウ,,8072,2
613,侯,,人,9,S,,marquis,コウ,,23256,1
614,厚,,厂,9,5,,thick,コウ,あつ-い,2582,2
615,恒,恆,心,9,S,,constancy,コウ,,11352,1
616,洪,,水,9,S,1981,deluge,コウ,,6333,1
617,皇,,白,9,6,,emperor,コウ|オウ,,1718,1
618,紅,,糸,9,6,,deep red,コウ（ク）,べに|くれない,4584,2
619,荒,,艸,9,S,,laid waste,コウ,あら-い|あ-れる|あ-らす,6159,2
620,郊,,邑,9,S,,outskirts,コウ,,6450,2
621,香,,香,9,4,,incense,コウ（キョウ）,か|かお-り|かお-る,1325,2
622,候,,人,10,4,,climate,コウ,そうろう,5787,3
623,校,,木,10,1,,school,コウ,,424,5
624,耕,,耒,10,5,,till,コウ,たがや-す,10132,2
625,航,,舟,10,5,,cruise,コウ,,5152,2
626,貢,,貝,10,S,,tribute,コウ（ク）,みつ-ぐ,3438,1
627,降,,阜,10,6,,descend,コウ,お-りる|お-ろす|ふ-る,1369,3
628,高,,高,10,2,,tall|expensive,コウ,たか-い|たか|たか-まる|たか-める,168,5
629,康,,广,11,4,,health,コウ,,1750,1
630,控,,手,11,S,,withdraw,コウ,ひか-える,2504,1
631,梗,,木,11,S,2010,close up,コウ,,13642,1
632,黄,黃,黃,11,2,,yellow,コウ|オウ,き（こ）,3587,2
633,喉,,口,12,S,2010,throat,コウ,のど,1992,1
634,慌,,心,12,S,,disconcerted,コウ,あわ-てる|あわ-ただしい,1493,1
635,港,,水,12,3,,harbor,コウ,みなと,3633,3
636,硬,,石,12,S,,stiff,コウ,かた-い,11181,2
637,絞,,糸,12,S,,strangle,コウ,しぼ-る|し-める|し-まる,2458,1
638,項,,頁,12,S,,paragraph,コウ,,843,1
639,溝,,水,13,S,1981,gutter,コウ,みぞ,6225,1
640,鉱,鑛,金,13,5,,mineral,コウ,,14576,2
641,構,,木,14,5,,construct,コウ,かま-える|かま-う,726,3
642,綱,,糸,14,S,,hawser,コウ,つな,11323,1
643,酵,,酉,14,S,,fermentation,コウ,,7636,1
644,稿,,禾,15,S,,draft,コウ,,3530,1
645,興,,臼,16,5,,entertain,コウ|キョウ,おこ-る|おこ-す,936,1
646,衡,,行,16,S,,equilibrium,コウ,,6810,1
647,鋼,,金,16,6,,steel,コウ,はがね,10356,1
648,講,,言,17,5,,lecture,コウ,,1999,2
649,購,,貝,17,S,,subscription,コウ,,1081,1
650,乞,,乙,3,S,2010,beg,,こ-う,16973,1
651,号,號,虍,5,3,,number,ゴウ,,2841,3
652,合,,口,6,2,,fit,ゴウ|ガッ（カッ）,あ-う|あ-わす|あ-わせる,73,3
653,拷,,手,9,S,,torture,ゴウ,,9918,1
654,剛,,刀,10,S,,sturdy,ゴウ,,32442,1
655,傲,,人,13,S,2010,be proud,ゴウ,,14457,1
656,豪,,豕,14,S,,overpowering,ゴウ,,5512,1
657,克,,儿,7,S,,overcome,コク,,5194,1
658,告,,口,7,5,,tell,コク,つ-げる,1315,3
659,谷,,谷,7,2,,valley,コク,たに,3900,2
660,刻,,刀,8,6,,engrave,コク,きざ-む,2500,3
661,国,國,囗,8,2,,country,コク,くに,165,5
662,黒,黑,黑,11,2,,black,コク,くろ|くろ-い,914,4
663,穀,穀,禾,14,6,,cereals,コク,,8899,1
664,酷,,酉,14,S,,cruel,コク,,699,1
665,獄,,犬,14,S,,prison,ゴク,,3629,1
666,骨,,骨,10,6,,bone,コツ,ほね,1928,2
667,駒,,馬,15,S,2010,horse,,こま,10637,1
668,込,,辵,5,S,,crowded,,こ-む|こ-める,1302,3
669,頃,,頁,11,S,2010,times,,ころ,244,1
670,今,,人,4,2,,now,コン|キン,いま,112,5
671,困,,囗,7,6,,become distressed,コン,こま-る,632,3
672,昆,,日,8,S,1981,descendants,コン,,6893,1
673,恨,,心,9,S,,rancor,コン,うら-む|うら-めしい,5673,1
674,根,,木,10,3,,root,コン,ね,2246,2
675,婚,,女,11,S,,marriage,コン,,857,3
676,混,,水,11,5,,mix,コン,ま-じる|ま-ざる|ま-ぜる|こ-む,3483,2
677,痕,,疒,11,S,2010,mark,コン,あと,8535,1
678,紺,,糸,11,S,,dark blue,コン,,11932,1
679,魂,,鬼,14,S,,soul,コン,たましい,2124,1
680,墾,,土,16,S,,ground-breaking,コン,,37494,1
681,懇,,心,17,S,,sociable,コン,ねんご-ろ,13275,1
682,左,,工,5,1,,left (direction),サ,ひだり,977,5
683,佐,,人,7,4,,help,サ,,6136,1
684,沙,,水,7,S,2010,sand,サ,,19610,1
685,査,,木,9,5,,investigate,サ,,787,2
686,砂,,石,9,6,,sand,サ|シャ,すな,2640,2
687,唆,,口,10,S,,tempt,サ,そそのか-す,4718,1
688,差,,工,10,4,,distinction,サ,さ-す,675,3
689,詐,,言,12,S,,lie,サ,,6101,1
690,鎖,,金,18,S,,chain,サ,くさり,6838,1
691,座,,广,10,6,,sit,ザ,すわ-る,115,3
692,挫,,手,10,S,2010,sprain,ザ,,13023,1
693,才,,手,3,2,,genius,サイ,,2797,3
694,再,,冂,6,5,,again,サイ（サ）,ふたた-び,651,2
695,災,,火,7,5,,disaster,サイ,わざわ-い,2385,1
696,妻,,女,8,5,,wife,サイ,つま,559,3
697,采,,釆,8,S,2010,form,サイ,,23008,1
698,砕,碎,石,9,S,,smash,サイ,くだ-く|くだ-ける,7998,1
699,宰,,宀,10,S,,superintend,サイ,,18278,1
700,栽,,木,10,S,,plantation,サイ,,6691,1
701,彩,,彡,11,S,,coloring,サイ,いろど-る,5601,1
702,採,,手,11,5,,pick,サイ,と-る,1570,2
703,済,濟,水,11,6,,settle,サイ,す-む|す-ます,633,3
704,祭,,示,11,3,,festival,サイ,まつ-る|まつ-り,2857,2
705,斎,齋,齊,11,S,,purification,サイ,,7942,1
706,細,,糸,11,2,,thin,サイ,ほそ-い|ほそ-る|こま-か|こま-かい,1475,2
707,菜,,艸,11,4,,vegetable,サイ,な,1359,2
708,最,,曰,12,4,,most,サイ,もっと-も,303,3
709,裁,,衣,12,6,,judge,サイ,た-つ|さば-く,2231,1
710,債,,人,13,S,,bond,サイ,,3860,1
711,催,,人,13,S,,sponsor,サイ,もよお-す,977,1
712,塞,,土,13,S,2010,obstruct,サイ|ソク,ふさ-ぐ|ふさ-がる,4940,1
713,歳,,止,13,S,,year-end,サイ（セイ）,,4121,3
714,載,,車,13,S,,ride,サイ,の-せる|の-る,1416,1
715,際,,阜,14,5,,occasion,サイ,きわ,371,3
716,埼,,土,11,4,2010,cape (geography),（さい）,,5555,1
717,在,,土,6,5,,exist,ザイ,あ-る,341,3
718,材,,木,7,4,,lumber,ザイ,,998,2
719,剤,劑,刀,10,S,,dose,ザイ,,7482,1
720,財,,貝,10,5,,wealth,ザイ（サイ）,,1892,3
721,罪,,网,13,5,,guilt,ザイ,つみ,1529,3
722,崎,,山,11,4,1981,promontory,,さき,4629,1
723,作,,人,7,2,,make,サク|サ,つく-る,124,4
724,削,,刀,9,S,,plane,サク,けず-る,1902,1
725,昨,,日,9,4,,previous,サク,,791,3
726,柵,,木,9,S,2010,fence,サク,,7123,1
727,索,,糸,10,S,,cord,サク,,2698,1
728,策,,竹,12,6,,scheme,サク,,1522,1
729,酢,,酉,12,S,,vinegar,サク,す,2592,1
730,搾,,手,13,S,,squeeze,サク,しぼ-る,28287,1
731,錯,,金,16,S,,confused,サク,,7287,1
732,咲,,口,9,S,,blossom,,さ-く,1374,2
733,冊,,冂,5,6,,counter for books,サツ|サク,,4353,2
734,札,,木,5,4,,tag,サツ,ふだ,2821,2
735,刷,,刀,8,4,,printing,サツ,す-る,4270,2
736,刹,,刀,8,S,2010,temple,サツ|セツ,,14328,1
737,拶,,手,9,S,2010,be imminent,サツ,,1804,1
738,殺,殺,殳,10,5,,kill,サツ（サイ）（セツ）,ころ-す,622,3
739,察,,宀,14,4,,guess,サツ,,929,3
740,撮,,手,15,S,,snapshot,サツ,と-る,1787,1
741,擦,,手,17,S,,grate,サツ,す-る|す-れる,5263,1
742,雑,雜,隹,14,5,,miscellaneous,ザツ|ゾウ,,1577,3
743,皿,,皿,5,3,1981,dish,,さら,2847,2
744,三,,一,3,1,,three,サン,み|み-つ|みっ-つ,108,5
745,山,,山,3,1,,mountain,サン,やま,532,5
746,参,參,厶,8,4,,participate,サン,まい-る,672,3
747,桟,棧,木,10,S,1981,scaffold,サン,,16127,1
748,蚕,蠶,虫,10,6,,silkworm,サン,かいこ,23804,1
749,惨,慘,心,11,S,,wretched,サン|ザン,みじ-め,6029,1
750,産,,生,11,4,,give birth,サン,う-む|う-まれる|うぶ,1892,3
751,傘,,人,12,S,1981,umbrella,サン,かさ,4382,1
752,散,,攴,12,4,,scatter,サン,ち-る|ち-らす|ち-らかす|ち-らかる,3271,3
753,算,,竹,14,2,,calculate,サン,,1894,2
754,酸,,酉,14,5,,acid,サン,す-い,4433,1
755,賛,贊,貝,15,5,,approve,サン,,4968,3
756,残,殘,歹,10,4,,remainder,ザン,のこ-る|のこ-す,354,3
757,斬,,斤,11,S,2010,kill by slicing,ザン,き-る,13050,1
758,暫,,日,15,S,,temporarily,ザン,,595,1
759,士,,士,3,5,,gentleman,シ,,2244,1
760,子,,子,3,1,,child,シ|ス,こ,139,5
761,支,,支,4,5,,branch,シ,ささ-える,1050,3
762,止,,止,4,2,,stop,シ,と-まる|と-める,458,4
763,氏,,氏,4,4,,family name,シ,うじ,2234,1
764,仕,,人,5,3,,do,シ（ジ）,つか-える,180,4
765,史,,口,5,5,,history,シ,,647,2
766,司,,口,5,4,,director,シ,,2134,1
767,四,,囗,5,1,,four,シ,よ|よ-つ|よっ-つ|よん,153,5
768,市,,巾,5,2,,market,シ,いち,1204,3
769,矢,,矢,5,2,,arrow,シ,や,279,1
770,旨,,日,6,S,,delicious,シ,むね,375,1
771,死,,歹,6,3,,death,シ,し-ぬ,362,4
772,糸,絲,糸,6,1,,thread,シ,いと,2655,2
773,至,,至,6,6,,climax,シ,いた-る,650,1
774,伺,,人,7,S,,pay respects,シ,うかが-う,1917,2
775,志,,心,7,5,,intention,シ,こころざ-す|こころざし,2183,1
776,私,,禾,7,6,,me,シ,わたくし|わたし,47,4
777,使,,人,8,3,,use,シ,つか-う,114,4
778,刺,,刀,8,S,,thorn,シ,さ-す|さ-さる,2853,2
779,始,,女,8,3,,begin,シ,はじ-める|はじ-まる,380,4
780,姉,,女,8,2,,older sister,シ,あね,2281,4
781,枝,,木,8,5,,branch,シ,えだ,2492,2
782,祉,祉,示,8,S,,welfare,シ,,3083,1
783,肢,,肉,8,S,1981,limb,シ,,4501,1
784,姿,,女,9,6,,figure,シ,すがた,311,1
785,思,,心,9,2,,think,シ,おも-う,39,4
786,指,,手,9,3,,finger,シ,ゆび|さ-す,649,3
787,施,,方,9,S,,carry out,シ|セ,ほどこ-す,419,1
788,師,,巾,10,5,,expert,シ,,1263,3
789,恣,,心,10,S,2010,selfish,シ,,16661,1
790,紙,,糸,10,2,,paper,シ,かみ,877,4
791,脂,,肉,10,S,,fat,シ,あぶら,4663,2
792,視,視,見,11,6,,look at,シ,,1294,1
793,紫,,糸,12,S,,purple,シ,むらさき,5480,1
794,詞,,言,12,6,,poetry,シ,,3002,2
795,歯,齒,齒,12,3,,tooth,シ,は,1525,3
796,嗣,,口,13,S,,heir,シ,,48256,1
797,試,,言,13,4,,test,シ,こころ-みる|ため-す,1441,4
798,詩,,言,13,3,,poem,シ,,1770,1
799,資,,貝,13,5,,resources,シ,,688,3
800,飼,,食,13,5,,domesticate,シ,か-う,2623,1
801,誌,,言,14,6,,document,シ,,1660,2
802,雌,,隹,14,S,,feminine,シ,め|めす,3197,1
803,摯,,手,15,S,2010,seriousness,シ,,11642,1
804,賜,,貝,15,S,,grant,シ,たまわ-る,6605,1
805,諮,,言,16,S,,consult with,シ,はか-る,7929,1
806,示,,示,5,5,,indicate,ジ|シ,しめ-す,228,3
807,字,,子,6,1,,letter,ジ,あざ,815,4
808,寺,,寸,6,2,,Buddhist temple,ジ,てら,3523,2
809,次,,欠,6,3,,next,ジ|シ,つ-ぐ|つぎ,136,3
810,耳,,耳,6,1,,ear,ジ,みみ,658,3
811,自,,自,6,2,,oneself,ジ|シ,みずか-ら,68,4
812,似,,人,7,5,,becoming,ジ,に-る,619,3
813,児,兒,儿,7,4,,child,ジ（ニ）,,2956,2
814,事,,亅,8,3,,abstract thing,ジ（ズ）,こと,15,4
815,侍,,人,8,S,,waiter,ジ,さむらい,6220,1
816,治,,水,8,4,,govern,ジ|チ,おさ-める|おさ-まる|なお-る|なお-す,1106,3
817,持,,手,9,3,,hold,ジ,も-つ,84,4
818,時,,日,10,2,,time,ジ,とき,48,5
819,滋,,水,12,4,,nourishing,ジ,,10334,1
820,慈,,心,13,S,,mercy,ジ,いつく-しむ,18047,1
821,辞,辭,辛,13,4,,resign,ジ,や-める,6140,3
822,磁,,石,14,6,,magnet,ジ,,11884,1
823,餌,,食,15,S,2010,bait,ジ,えさ|え,2407,1
824,璽,,玉,19,S,,emperor's seal,ジ,,77818,1
825,鹿,,鹿,11,4,2010,deer,,しか（か）,1926,1
826,式,,弋,6,3,,style,シキ,,2127,3
827,識,,言,19,5,,discriminating,シキ,,934,3
828,軸,,車,12,S,,axis,ジク,,4235,1
829,七,,一,2,1,,seven,シチ,なな|なな-つ（なの）,418,5
830,叱,,口,5,S,2010,scold,シツ,しか-る,2571,1
831,失,,大,5,4,,lose,シツ,うしな-う,635,3
832,室,,宀,9,2,,room,シツ,むろ,2372,4
833,疾,,疒,10,S,,rapidly,シツ,,6029,1
834,執,,土,11,S,,tenacious,シツ|シュウ,と-る,5155,1
835,湿,濕,水,12,S,,damp,シツ,しめ-る|しめ-す,5897,2
836,嫉,,女,13,S,2010,envy,シツ,,6860,1
837,漆,,水,14,S,,lacquer,シツ,うるし,17900,1
838,質,,貝,15,5,,quality,シツ|シチ（チ）,,379,4
839,実,實,宀,8,3,,truth,ジツ,み|みの-る,371,3
840,芝,,艸,6,S,,turf,,しば,4880,1
841,写,寫,宀,5,3,,copy,シャ,うつ-す|うつ-る,302,4
842,社,社,示,7,2,,company,シャ,やしろ,314,4
843,車,,車,7,1,,car,シャ,くるま,281,5
844,舎,舍,舌,8,5,,cottage,シャ,,2914,1
845,者,者,老,8,3,,someone,シャ,もの,182,4
846,射,,寸,10,6,,shoot,シャ,い-る,6818,1
847,捨,,手,11,6,,throw away,シャ,す-てる,942,2
848,赦,,赤,11,S,,pardon,シャ,,8569,1
849,斜,,斗,11,S,,diagonal,シャ,なな-め,5031,1
850,煮,煮,火,12,S,,boil,シャ,に-る|に-える|に-やす,2726,1
851,遮,,辵,14,S,1981,intercept,シャ,さえぎ-る,4575,1
852,謝,,言,17,5,,apologize,シャ,あやま-る,2638,1
853,邪,,邑,8,S,,wicked,ジャ,,2351,1
854,蛇,,虫,11,S,1981,snake,ジャ|ダ,へび,4081,1
855,尺,,尸,4,6,,shaku,シャク,,8943,1
856,借,,人,10,4,,borrow,シャク,か-りる,1180,4
857,酌,,酉,10,S,1981,bartending,シャク,く-む,31154,1
858,釈,釋,釆,11,S,,explanation,シャク,,2497,1
859,爵,,爪,17,S,,baron,シャク,,16354,1
860,若,,艸,8,6,,young,ジャク（ニャク）,わか-い|も-しくは,269,3
861,弱,,弓,10,2,,weak,ジャク,よわ-い|よわ-る|よわ-まる|よわ-める,1153,2
862,寂,,宀,11,S,,loneliness,ジャク（セキ）,さび|さび-しい|さび-れる,1795,1
863,手,,手,4,1,,hand,シュ,て（た）,131,4
864,主,,丶,5,3,,master,シュ（ス）,ぬし|おも,1220,4
865,守,,宀,6,3,,protect,シュ（ス）,まも-る|も-り,492,3
866,朱,,木,6,S,,vermilion,シュ,,15652,1
867,取,,又,8,3,,take,シュ,と-る,122,3
868,狩,,犬,9,S,,hunt,シュ,か-る|か-り,11239,1
869,首,,首,9,2,,neck,シュ,くび,598,3
870,殊,,歹,10,S,,particularly,シュ,こと,2835,1
871,珠,,玉,10,S,,pearl,シュ,,13837,1
872,酒,,酉,10,3,,alcoholic drink,シュ,さけ（さか）,939,3
873,腫,,肉,13,S,2010,tumor,シュ,は-れる|は-らす,7454,1
874,種,,禾,14,4,,kind,シュ,たね,879,3
875,趣,,走,15,S,,gist,シュ,おもむき,2112,1
876,寿,壽,士,7,S,,longevity,ジュ,ことぶき,4900,1
877,受,,又,8,3,,accept,ジュ,う-ける|う-かる,138,3
878,呪,,口,8,S,2010,curse,ジュ,のろ-う,8518,1
879,授,,手,11,5,,instruct,ジュ,さず-ける|さず-かる,1782,1
880,需,,雨,14,S,,demand,ジュ,,2321,1
881,儒,,人,16,S,,Confucian,ジュ,,14623,1
882,樹,,木,16,6,,trees,ジュ,,4818,1
883,収,收,攴,4,6,,take in,シュウ,おさ-める|おさ-まる,1284,3
884,囚,,囗,5,S,,captured,シュウ,,11562,1
885,州,,巛,6,3,,state,シュウ,す,3337,2
886,舟,,舟,6,S,,boat,シュウ,ふね（ふな）,19257,2
887,秀,,禾,7,S,,excel,シュウ,ひい-でる,2957,1
888,周,,口,8,4,,circumference,シュウ,まわ-り,683,2
889,宗,,宀,8,6,,religion,シュウ|ソウ,,2023,1
890,拾,,手,9,3,,pick up,シュウ|ジュウ,ひろ-う,2770,2
891,秋,,禾,9,2,,autumn,シュウ,あき,981,4
892,臭,臭,自,9,S,,stinking,シュウ,くさ-い|にお-う,4386,1
893,修,,人,10,5,,discipline,シュウ（シュ）,おさ-める|おさ-まる,4177,1
894,袖,,衣,10,S,2010,sleeve,シュウ,そで,4656,1
895,終,,糸,11,3,,end,シュウ,お-わる|お-える,329,4
896,羞,,羊,11,S,2010,feel ashamed,シュウ,,25684,1
897,習,,羽,11,3,,learn,シュウ,なら-う,1727,4
898,週,,辵,11,2,,week,シュウ,,1929,4
899,就,,尢,12,6,,concerning,シュウ（ジュ）,つ-く|つ-ける,4813,1
900,衆,,血,12,6,,masses,シュウ（シュ）,,3740,1
901,集,,隹,12,3,,collect,シュウ,あつ-まる|あつ-める|つど-う,858,4
902,愁,,心,13,S,,distress,シュウ,うれ-える|うれ-い,22057,1
903,酬,,酉,13,S,,repay,シュウ,,4187,1
904,醜,,酉,17,S,,ugly,シュウ,みにく-い,7704,1
905,蹴,,足,19,S,2010,kick,シュウ,け-る,3904,1
906,襲,,衣,22,S,,attack,シュウ,おそ-う,1805,1
907,十,,十,2,1,,ten,ジュウ|ジッ,とお|と,484,5
908,汁,,水,5,S,1981,soup,ジュウ,しる,6682,1
909,充,,儿,6,S,,allot,ジュウ,あ-てる,1871,1
910,住,,人,7,3,,dwelling,ジュウ,す-む|す-まう,506,4
911,柔,,木,9,S,,tender,ジュウ|ニュウ,やわ-らか|やわ-らかい,2770,2
912,重,,里,9,3,,heavy,ジュウ|チョウ,え|おも-い|かさ-ねる|かさ-なる,316,4
913,従,從,彳,10,6,,obey,ジュウ（ショウ）（ジュ）,したが-う|したが-える,578,1
914,渋,澁,水,11,S,,astringent,ジュウ,しぶ|しぶ-い|しぶ-る,5632,1
915,銃,,金,14,S,,gun,ジュウ,,3625,1
916,獣,獸,犬,16,S,,animal,ジュウ,けもの,6888,1
917,縦,縱,糸,16,6,,vertical,ジュウ,たて,3642,1
918,叔,,又,8,S,,uncle,シュク,,49563,1
919,祝,祝,示,9,4,,celebrate,シュク（シュウ）,いわ-う,4014,2
920,宿,,宀,11,3,,inn,シュク,やど|やど-る|やど-す,3109,3
921,淑,,水,11,S,,graceful,シュク,,39952,1
922,粛,肅,聿,11,S,,solemn,シュク,,16768,1
923,縮,,糸,17,6,,shrink,シュク,ちぢ-む|ちぢ-まる|ちぢ-める|ちぢ-れる|ちぢ-らす,5174,1
924,塾,,土,14,S,1981,cram school,ジュク,,5499,1
925,熟,,火,15,6,,ripen,ジュク,う-れる,3930,1
926,出,,凵,5,1,,exit,シュツ（スイ）,で-る|だ-す,76,5
927,述,,辵,8,5,,mention,ジュツ,の-べる,405,2
928,術,,行,11,5,,art,ジュツ,,874,3
929,俊,,人,9,S,,genius,シュン,,23008,1
930,春,,日,9,2,,springtime,シュン,はる,937,4
931,瞬,,目,18,S,,wink,シュン,またた-く,1140,1
932,旬,,日,6,S,,10-day period (of the month),ジュン（シュン）,,8629,1
933,巡,,巛,6,S,,patrol,ジュン,めぐ-る,1902,1
934,盾,,目,9,S,,shield,ジュン,たて,4080,1
935,准,,冫,10,S,,quasi-,ジュン,,21936,1
936,殉,,歹,10,S,,martyrdom,ジュン,,11642,1
937,純,,糸,10,6,,genuine,ジュン,,1764,2
938,循,,彳,12,S,,sequential,ジュン,,10465,1
939,順,,頁,12,4,,obey,ジュン,,2227,2
940,準,,水,13,5,,standard,ジュン,,1101,2
941,潤,,水,15,S,,wet,ジュン,うるお-う|うるお-す|うる-む,10231,1
942,遵,,辵,15,S,,abide by,ジュン,,100920,1
943,処,處,虍,5,6,,dispose,ショ,,113,3
944,初,,刀,7,4,,first,ショ,はじ-め|はじ-めて|はつ|うい|そ-める,294,3
945,所,,戶,8,3,,place,ショ,ところ,83,3
946,書,,曰,10,2,,write,ショ,か-く,148,5
947,庶,,广,11,S,,commoner,ショ,,5113,1
948,暑,暑,日,12,3,,hot,ショ,あつ-い,1908,1
949,署,署,网,13,6,,government office,ショ,,6286,2
950,緒,緖,糸,14,S,,thong,ショ（チョ）,お,261,3
951,諸,諸,言,15,6,,various,ショ,,6190,2
952,女,,女,3,1,,woman,ジョ|ニョ（ニョウ）,おんな|め,156,5
953,如,,女,6,S,,likeness,ジョ|ニョ,,1138,1
954,助,,力,7,3,,help,ジョ,たす-ける|たす-かる|すけ,1365,3
955,序,,广,7,5,,preface,ジョ,,2418,1
956,叙,敍,攴,9,S,,confer,ジョ,,16831,1
957,徐,,彳,10,S,,gradually,ジョ,,2133,1
958,除,,阜,10,6,,exclude,ジョ（ジ）,のぞ-く,614,3
959,小,,小,3,1,,small,ショウ,ちい-さい|こ|お,428,5
960,升,,十,4,S,,measuring box,ショウ,ます,26322,1
961,少,,小,4,2,,few,ショウ,すく-ない|すこ-し,166,4
962,召,,口,5,S,,summon,ショウ,め-す,8761,2
963,匠,,匚,6,S,,artisan,ショウ,,6136,1
964,床,,广,7,S,,bed,ショウ,とこ|ゆか,1227,2
965,抄,,手,7,S,,extract,ショウ,,16416,1
966,肖,,肉,7,S,,resemblance,ショウ,,13275,1
967,尚,,小,8,S,1981,esteem,ショウ,,5523,1
968,招,,手,8,5,,beckon,ショウ,まね-く,1881,3
969,承,,手,8,6,,acquiesce,ショウ,うけたまわ-る,3296,2
970,昇,,日,8,S,,rise up,ショウ,のぼ-る,1956,2
971,松,,木,8,4,,pine,ショウ,まつ,3894,1
972,沼,,水,8,S,,marsh,ショウ,ぬま,9893,1
973,昭,,日,9,3,,shining,ショウ,,233,1
974,宵,,宀,10,S,1981,wee hours,ショウ,よい,21375,1
975,将,將,寸,10,6,,leader,ショウ,,1025,2
976,消,,水,10,3,,extinguish,ショウ,き-える|け-す,756,3
977,症,,疒,10,S,,symptoms,ショウ,,1303,1
978,祥,祥,示,10,S,,auspicious,ショウ,,13476,1
979,称,稱,禾,10,S,,appellation,ショウ,,2377,1
980,笑,,竹,10,4,,laugh,ショウ,わら-う|え-む,292,3
981,唱,,口,11,4,,chant,ショウ,とな-える,2831,1
982,商,,口,11,3,,sell,ショウ,あきな-う,706,3
983,渉,涉,水,11,S,,ford,ショウ,,2616,1
984,章,,立,11,3,,chapter,ショウ,,1181,2
985,紹,,糸,11,S,,introduce,ショウ,,612,2
986,訟,,言,11,S,,sue,ショウ,,4461,1
987,勝,,力,12,3,,win,ショウ,か-つ|まさ-る,1334,3
988,掌,,手,12,S,,manipulate,ショウ,,2974,1
989,晶,,日,12,S,,sparkle,ショウ,,8098,1
990,焼,燒,火,12,4,,bake,ショウ,や-く|や-ける,1150,2
991,焦,,火,12,S,,char,ショウ,こ-げる|こ-がす|こ-がれる|あせ-る,3538,1
992,硝,,石,12,S,,nitrate,ショウ,,43644,1
993,粧,,米,12,S,,cosmetics,ショウ,,6207,1
994,詔,,言,12,S,,imperial edict,ショウ,みことのり,29972,1
995,証,證,言,12,5,,evidence,ショウ,,1626,1
996,象,,豕,12,5,,elephant,ショウ|ゾウ,,351,2
997,傷,,人,13,6,,wound,ショウ,きず|いた-む|いた-める,1920,1
998,奨,奬,大,13,S,,exhort,ショウ,,9937,1
999,照,,火,13,4,,illuminate,ショウ,て-る|て-らす|て-れる,2478,2
1000,詳,,言,13,S,,detailed,ショウ,くわ-しい,625,1
1001,彰,,彡,14,S,,patent,ショウ,,15125,1
1002,障,,阜,14,6,,hurt,ショウ,さわ-る,1307,1
1003,憧,,心,15,S,2010,desire,ショウ,あこが-れる,4479,1
1004,衝,,行,15,S,,collide,ショウ,,3118,1
1005,賞,,貝,15,5,,prize,ショウ,,7147,2
1006,償,,人,17,S,,reparation,ショウ,つぐな-う,6598,1
1007,礁,,石,17,S,,reef,ショウ,,18121,1
1008,鐘,,金,20,S,,bell,ショウ,かね,5877,1
1009,上,,一,3,1,,up,ジョウ（ショウ）,うえ（うわ）|かみ|あ-げる|あ-がる|のぼ-る|のぼ-せる|のぼ-す,133,5
1010,丈,,一,3,S,,length,ジョウ,たけ,629,1
1011,冗,,冖,4,S,,superfluous,ジョウ,,2952,1
1012,条,條,木,7,5,,clause,ジョウ,,761,1
1013,状,狀,犬,7,5,,form,ジョウ,,307,3
1014,乗,乘,丿,9,3,,ride,ジョウ,の-る|の-せる,310,3
1015,城,,土,9,4,,castle,ジョウ,しろ,2532,2
1016,浄,淨,水,9,S,,clean,ジョウ,,14371,1
1017,剰,剩,刀,11,S,,surplus,ジョウ,,5890,1
1018,常,,巾,11,5,,normal,ジョウ,つね|とこ,338,3
1019,情,,心,11,5,,feelings,ジョウ（セイ）,なさ-け,350,3
1020,場,,土,12,2,,place,ジョウ,ば,73,4
1021,畳,疊,田,12,S,,tatami mat,ジョウ,たた-む|たたみ,4833,2
1022,蒸,,艸,13,6,,steam,ジョウ,む-す|む-れる|む-らす,9950,2
1023,縄,繩,糸,15,4,1981,straw rope,ジョウ,なわ,2146,1
1024,壌,壤,土,16,S,1981,lot,ジョウ,,6341,1
1025,嬢,孃,女,16,S,,lass,ジョウ,,7264,1
1026,錠,,金,16,S,,lock,ジョウ,,15076,1
1027,譲,讓,言,20,S,,defer,ジョウ,ゆず-る,3103,1
1028,醸,釀,酉,20,S,,brew,ジョウ,かも-す,9950,1
1029,色,,色,6,2,,color,ショク|シキ,いろ,417,4
1030,拭,,手,9,S,2010,wipe,ショク,ふ-く|ぬぐ-う,2760,1
1031,食,,食,9,2,,eat|meal,ショク（ジキ）,く-う|く-らう|た-べる,199,5
1032,植,,木,12,3,,plant,ショク,う-える|う-わる,1824,2
1033,殖,,歹,12,S,,augment,ショク,ふ-える|ふ-やす,11042,1
1034,飾,,食,13,S,,decorate,ショク,かざ-る,1791,1
1035,触,觸,角,13,S,,contact,ショク,ふ-れる|さわ-る,720,2
1036,嘱,囑,口,15,S,,entrust,ショク,,16661,1
1037,織,,糸,18,5,,weave,ショク|シキ,お-る,1062,1
1038,職,,耳,18,5,,employment,ショク,,1546,3
1039,辱,,辰,10,S,,embarrass,ジョク,はずかし-める,10849,1
1040,尻,,尸,5,S,2010,buttocks,,しり,4244,1
1041,心,,心,4,2,,heart,シン,こころ,195,4
1042,申,,田,5,3,,say,シン,もう-す,732,3
1043,伸,,人,7,S,,lengthen,シン,の-びる|の-ばす|の-べる,963,2
1044,臣,,臣,7,4,,retainer,シン|ジン,,1770,2
1045,芯,,艸,7,S,2010,core,シン,,5453,1
1046,身,,身,7,3,,body,シン,み,346,4
1047,辛,,辛,7,S,,spicy,シン,から-い,1016,2
1048,侵,,人,9,S,,encroach,シン,おか-す,4575,1
1049,信,,人,9,4,,trust,シン,,681,3
1050,津,,水,9,S,,haven,シン,つ,6421,1
1051,神,神,示,9,3,,god,シン|ジン,かみ（かん）（こう）,529,3
1052,唇,,口,10,S,1981,lips,シン,くちびる,1461,1
1053,娠,,女,10,S,,with child,シン,,3546,1
1054,振,,手,10,S,,shake,シン,ふ-る|ふ-るう|ふ-れる,762,1
1055,浸,,水,10,S,,immersed,シン,ひた-す|ひた-る,4663,1
1056,真,眞,目,10,3,,true,シン,ま,302,4
1057,針,,金,10,6,,needle,シン,はり,1924,2
1058,深,,水,11,3,,deep,シン,ふか-い|ふか-まる|ふか-める,552,3
1059,紳,,糸,11,S,,sire,シン,,8394,1
1060,進,,辵,11,3,,advance,シン,すす-む|すす-める,388,3
1061,森,,木,12,1,,forest,シン,もり,1134,2
1062,診,,言,12,S,,checkup,シン,み-る,3957,1
1063,寝,寢,宀,13,S,,lie down,シン,ね-る|ね-かす,567,3
1064,慎,愼,心,13,S,,humility,シン,つつし-む,2446,1
1065,新,,斤,13,2,,new,シン,あたら-しい|あら-た|にい,250,4
1066,審,,宀,15,S,,examine,シン,,3915,1
1067,震,,雨,15,S,,quake,シン,ふる-う|ふる-える,2249,2
1068,薪,,艸,16,S,,fuel,シン,たきぎ,7428,1
1069,親,,見,16,2,,parent,シン,おや|した-しい|した-しむ,476,4
1070,人,,人,2,1,,person,ジン|ニン,ひと,55,5
1071,刃,,刀,3,S,,blade,ジン,は,5589,1
1072,仁,,人,4,6,,humanity,ジン（ニ）,,19087,1
1073,尽,盡,皿,6,S,,exhaust,ジン,つ-くす|つ-きる|つ-かす,2523,1
1074,迅,,辵,6,S,,swift,ジン,,3622,1
1075,甚,,甘,9,S,1981,tremendously,ジン,はなは-だ|はなは-だしい,7683,1
1076,陣,,阜,10,S,,camp,ジン,,10066,1
1077,尋,,寸,12,S,,inquire,ジン,たず-ねる,856,1
1078,腎,,肉,13,S,2010,kidney,ジン,,9680,1
1079,須,,頁,12,S,2010,by all means,ス,,8746,1
1080,図,圖,囗,7,2,,diagram,ズ|ト,はか-る,241,4
1081,水,,水,4,1,,water,スイ,みず,295,5
1082,吹,,口,7,S,,blow,スイ,ふ-く,2104,3
1083,垂,,土,8,6,,droop,スイ,た-れる|た-らす,5453,1
1084,炊,,火,8,S,,cook,スイ,た-く,12533,1
1085,帥,,巾,9,S,,commander,スイ,,33567,1
1086,粋,粹,米,10,S,,chic,スイ,いき,3391,1
1087,衰,,衣,10,S,,decline,スイ,おとろ-える,5783,1
1088,推,,手,11,6,,infer,スイ,お-す,943,1
1089,酔,醉,酉,11,S,,drunk,スイ,よ-う,3845,1
1090,遂,,辵,12,S,,consummate,スイ,と-げる,1087,1
1091,睡,,目,13,S,,drowsy,スイ,,7617,1
1092,穂,穗,禾,15,S,,ear,スイ,ほ,14623,1
1093,随,隨,阜,12,S,,follow,ズイ,,1261,1
1094,髄,髓,骨,19,S,,marrow,ズイ,,17170,1
1095,枢,樞,木,8,S,,hinge,スウ,,10679,1
1096,崇,,山,11,S,,adore,スウ,,16973,1
1097,数,數,攴,13,2,,number,スウ（ス）,かず|かぞ-える,566,3
1098,据,,手,11,S,1981,set,,す-える|す-わる,4129,1
1099,杉,,木,7,S,1981,cedar,,すぎ,6714,1
1100,裾,,衣,13,S,2010,cuff,,すそ,4596,1
1101,寸,,寸,3,6,,measurement,スン,,216,1
1102,瀬,瀨,水,19,S,,rapids,,せ,11499,1
1103,是,,日,9,S,,just so,ゼ,,850,1
1104,井,,二,4,4,,well,セイ（ショウ）,い,2540,1
1105,世,,一,5,3,,world,セイ|セ,よ,236,4
1106,正,,止,5,1,,correct,セイ|ショウ,ただ-しい|ただ-す|まさ,718,4
1107,生,,生,5,1,,life,セイ|ショウ,い-きる|い-かす|い-ける|う-まれる|う-む|お-う|は-える|は-やす|き|なま,327,5
1108,成,,戈,6,4,,become,セイ（ジョウ）,な-る|な-す,19,3
1109,西,,襾,6,2,,west,セイ|サイ,にし,1873,5
1110,声,聲,耳,7,2,,voice,セイ（ショウ）,こえ（こわ）,176,3
1111,制,,刀,8,5,,control,セイ,,889,3
1112,姓,,女,8,S,,surname,セイ|ショウ,,6777,2
1113,征,,彳,8,S,,subjugate,セイ,,11806,1
1114,性,,心,8,5,,gender,セイ|ショウ,,229,3
1115,青,,靑,8,1,,blue,セイ（ショウ）,あお|あお-い,1868,4
1116,斉,齊,齊,8,S,1981,adjusted,セイ,,3544,1
1117,政,,攴,9,5,,politics,セイ（ショウ）,まつりごと,688,3
1118,星,,日,9,2,,star,セイ（ショウ）,ほし,1702,2
1119,牲,,牛,9,S,,animal sacrifice,セイ,,2465,1
1120,省,,目,9,4,,government ministry,セイ|ショウ,かえり-みる|はぶ-く,3411,2
1121,凄,,冫,10,S,2010,uncanny,セイ,,414,1
1122,逝,,辵,10,S,1981,departed,セイ,ゆ-く|い-く,10637,1
1123,清,,水,11,4,,pure,セイ（ショウ）,きよ-い|きよ-まる|きよ-める,6360,2
1124,盛,,皿,11,6,,prosper,セイ（ジョウ）,も-る|さか-る|さか-ん,2226,1
1125,婿,,女,12,S,,bridegroom,セイ,むこ,18278,1
1126,晴,,日,12,2,,clear up,セイ,は-れる|は-らす,976,3
1127,勢,,力,13,5,,power,セイ,いきお-い,1152,2
1128,聖,,耳,13,6,,holy,セイ,,4947,1
1129,誠,,言,13,6,,sincerity,セイ,まこと,6901,1
1130,精,,米,14,5,,refined,セイ（ショウ）,,1501,3
1131,製,,衣,14,5,,manufacture,セイ,,1565,1
1132,誓,,言,14,S,,vow,セイ,ちか-う,4499,1
1133,静,靜,靑,14,4,,quiet,セイ（ジョウ）,しず|しず-か|しず-まる|しず-める,1001,3
1134,請,,言,15,S,,solicit,セイ（シン）,こ-う|う-ける,2576,1
1135,整,,攴,16,3,,put in order,セイ,ととの-える|ととの-う,729,1
1136,醒,,酉,16,S,2010,be disillusioned,セイ,,11042,1
1137,税,,禾,12,5,,tax,ゼイ,,2360,2
1138,夕,,夕,3,1,,evening,セキ,ゆう,2166,4
1139,斥,,斤,5,S,,reject,セキ,,29094,1
1140,石,,石,5,1,,stone,セキ（シャク）（コク）,いし,1155,3
1141,赤,,赤,7,1,,red,セキ（シャク）,あか|あか-い|あか-らむ|あか-らめる,973,4
1142,昔,,日,8,3,,long ago,セキ（シャク）,むかし,514,3
1143,析,,木,8,S,,chop,セキ,,2694,1
1144,席,,巾,10,4,,seat,セキ,,1340,3
1145,脊,,肉,10,S,2010,stature,セキ,,17170,1
1146,隻,,隹,10,S,,vessels,セキ,,16243,2
1147,惜,,心,11,S,,pity,セキ,お-しい|お-しむ,5920,1
1148,戚,,戈,11,S,2010,grieve,セキ,,3700,1
1149,責,,貝,11,5,,blame,セキ,せ-める,705,3
1150,跡,,足,13,S,,tracks,セキ,あと,3219,2
1151,積,,禾,16,4,,accumulate,セキ,つ-む|つ-もる,511,3
1152,績,,糸,17,5,,exploits,セキ,,2663,2
1153,籍,,竹,20,S,,enroll,セキ,,7202,2
1154,切,,刀,4,2,,cut,セツ（サイ）,き-る|き-れる,394,4
1155,折,,手,7,4,,fold,セツ,お-る|おり|お-れる,1720,3
1156,拙,,手,8,S,,bungling,セツ,つたな-い,16243,1
1157,窃,竊,穴,9,S,,stealth,セツ,,12988,1
1158,接,,手,11,5,,contact,セツ,つ-ぐ,773,2
1159,設,,言,11,5,,establish,セツ,もう-ける,1003,2
1160,雪,,雨,11,2,,snow,セツ,ゆき,974,3
1161,摂,攝,手,13,S,,vicarious,セツ,,7192,1
1162,節,節,竹,13,4,,node,セツ（セチ）,ふし,1667,1
1163,説,,言,14,4,,theory,セツ（ゼイ）,と-く,616,3
1164,舌,,舌,6,6,,tongue,ゼツ,した,2366,1
1165,絶,絕,糸,12,5,,discontinue,ゼツ,た-える|た-やす|た-つ,922,3
1166,千,,十,3,1,,thousand,セン,ち,2234,5
1167,川,,巛,3,1,,river,セン,かわ,1257,5
1168,仙,,人,5,S,1981,hermit,セン,,6341,1
1169,占,,卜,5,S,,fortune telling,セン,し-める|うらな-う,605,2
1170,先,,儿,6,1,,previous,セン,さき,204,5
1171,宣,,宀,9,6,,proclaim,セン,,4100,1
1172,専,專,寸,9,6,,specialty,セン,もっぱ-ら,2239,2
1173,泉,,水,9,6,,spring,セン,いずみ,3530,2
1174,浅,淺,水,9,4,,shallow,セン,あさ-い,3806,2
1175,洗,,水,9,6,,wash,セン,あら-う,1348,3
1176,染,,木,9,6,,dye,セン,そ-める|そ-まる|し-みる|し-み,4221,1
1177,扇,,戶,10,S,,fan,セン,おうぎ,14827,1
1178,栓,,木,10,S,1981,plug,セン,,17367,1
1179,旋,,方,11,S,,rotation,セン,,9680,1
1180,船,,舟,11,2,,boat,セン,ふね（ふな）,944,3
1181,戦,戰,戈,13,4,,war,セン,いくさ|たたか-う,859,3
1182,煎,,火,13,S,2010,broil,セン,い-る,26483,1
1183,羨,,羊,13,S,2010,envy,セン,うらや-む|うらや-ましい,4447,1
1184,腺,,肉,13,S,2010,gland,セン,,31154,1
1185,詮,,言,13,S,2010,discussion,セン,,5755,1
1186,践,踐,足,13,S,,tread,セン,,3971,1
1187,箋,,竹,14,S,2010,paper,セン,,15507,1
1188,銭,錢,金,14,6,,coin,セン,ぜに,5254,1
1189,潜,潛,水,15,S,,submerge,セン,ひそ-む|もぐ-る,4491,1
1190,線,,糸,15,2,,line,セン,,1294,2
1191,遷,,辵,15,S,,transition,セン,,8790,1
1192,選,,辵,15,4,,choose,セン,えら-ぶ,399,3
1193,薦,,艸,16,S,,recommend,セン,すす-める,10654,1
1194,繊,纖,糸,17,S,,slender,セン,,6282,1
1195,鮮,,魚,17,S,,fresh,セン,あざ-やか,2468,1
1196,全,,入,6,3,,whole,ゼン,まった-く|すべ-て,248,3
1197,前,,刀,9,2,,in front,ゼン,まえ,127,5
1198,善,,口,12,6,,good,ゼン,よ-い,1644,1
1199,然,,火,12,4,,so,ゼン|ネン,,95,3
1200,禅,禪,示,13,S,,Zen,ゼン,,7897,1
1201,漸,,水,14,S,,steadily,ゼン,,999,1
1202,膳,,肉,16,S,2010,tray,ゼン,,17314,1
1203,繕,,糸,18,S,,darning,ゼン,つくろ-う,21936,1
1204,狙,,犬,8,S,2010,aim at,ソ,ねら-う,1423,1
1205,阻,,阜,8,S,,thwart,ソ,はば-む,6705,1
1206,祖,祖,示,9,5,,ancestor,ソ,,3449,3
1207,租,,禾,10,S,,tariff,ソ,,13523,1
1208,素,,糸,10,5,,elementary,ソ|ス,,976,1
1209,措,,手,11,S,,set aside,ソ,,1252,1
1210,粗,,米,11,S,,coarse,ソ,あら-い,10189,1
1211,組,,糸,11,2,,association,ソ,く-む|くみ,1059,3
1212,疎,,疋,12,S,,alienate,ソ,うと-い|うと-む,11323,1
1213,訴,,言,12,S,,sue,ソ,うった-える,1520,1
1214,塑,,土,13,S,,model,ソ,,58565,1
1215,遡,,辵,14,S,2010,go upstream,ソ,さかのぼ-る,3607,1
1216,礎,,石,18,S,,cornerstone,ソ,いしずえ,1977,1
1217,双,雙,隹,4,S,,pair,ソウ,ふた,3602,2
1218,壮,壯,士,6,S,,robust,ソウ,,7929,1
1219,早,,日,6,1,,early,ソウ（サッ）,はや-い|はや-まる|はや-める,258,4
1220,争,爭,爪,6,4,,conflict,ソウ,あらそ-う,859,3
1221,走,,走,7,2,,run,ソウ,はし-る,442,4
1222,奏,,大,9,6,,play music,ソウ,かな-でる,3730,1
1223,相,,目,9,3,,mutual,ソウ|ショウ,あい,235,3
1224,荘,莊,艸,9,S,,villa,ソウ,,7717,1
1225,草,,艸,9,1,,grass,ソウ,くさ,2657,3
1226,送,,辵,9,3,,send,ソウ,おく-る,431,4
1227,倉,,人,10,4,,warehouse,ソウ,くら,5819,1
1228,捜,搜,手,10,S,,search,ソウ,さが-す,3014,2
1229,挿,插,手,10,S,1981,insert,ソウ,さ-す,4447,1
1230,桑,,木,10,S,,mulberry,ソウ,くわ,17170,1
1231,巣,巢,巛,11,4,,nest,ソウ,す,3286,1
1232,掃,,手,11,S,,sweep,ソウ,は-く,3241,2
1233,曹,,曰,11,S,1981,cadet,ソウ,,9989,1
1234,曽,曾,曰,11,S,2010,formerly,ソウ（ゾ）,,31154,1
1235,爽,,爻,11,S,2010,refreshing,ソウ,さわ-やか,4203,1
1236,窓,,穴,11,6,,window,ソウ,まど,882,3
1237,創,,刀,12,6,,create,ソウ,つく-る,5147,1
1238,喪,,口,12,S,,miss,ソウ,も,10817,1
1239,痩,瘦,疒,12,S,2010,get thin,ソウ,や-せる,2632,1
1240,葬,,艸,12,S,,interment,ソウ,ほうむ-る,4783,1
1241,装,裝,衣,12,6,,attire,ソウ|ショウ,よそお-う,3098,2
1242,僧,僧,人,13,S,,Buddhist priest,ソウ,,6888,1
1243,想,,心,13,3,,concept,ソウ（ソ）,,1944,3
1244,層,層,尸,14,6,,stratum,ソウ,,1034,2
1245,総,總,糸,14,5,,whole,ソウ,,2025,2
1246,遭,,辵,14,S,,encounter,ソウ,あ-う,6325,1
1247,槽,,木,15,S,1981,vat,ソウ,,6540,1
1248,踪,,足,15,S,2010,remains,ソウ,,23660,1
1249,操,,手,16,6,,maneuver,ソウ,みさお|あやつ-る,3022,1
1250,燥,,火,17,S,,parch,ソウ,,4400,2
1251,霜,,雨,17,S,,frost,ソウ,しも,13023,1
1252,騒,騷,馬,18,S,,boisterous,ソウ,さわ-ぐ,3478,1
1253,藻,,艸,19,S,1981,seaweed,ソウ,も,15916,1
1254,造,,辵,10,5,,create,ゾウ,つく-る,1527,2
1255,像,,人,14,5,,statue,ゾウ,,1250,2
1256,増,增,土,14,5,,increase,ゾウ,ま-す|ふ-える|ふ-やす,505,3
1257,憎,憎,心,14,S,,hate,ゾウ,にく-む|にく-い|にく-らしい|にく-しみ,5755,2
1258,蔵,藏,艸,15,6,,warehouse,ゾウ,くら,2609,2
1259,贈,贈,貝,18,S,,presents,ゾウ（ソウ）,おく-る,2978,2
1260,臓,臟,肉,19,6,,entrails,ゾウ,,2444,2
1261,即,卽,卩,7,S,,instant,ソク,,521,1
1262,束,,木,7,4,,bundle,ソク,たば,1912,3
1263,足,,足,7,1,,foot,ソク,あし|た-りる|た-る|た-す,404,4
1264,促,,人,9,S,,stimulate,ソク,うなが-す,1964,1
1265,則,,刀,9,5,,rule,ソク,,1110,2
1266,息,,心,10,3,,breath,ソク,いき,822,3
1267,捉,,手,10,S,2010,capture,ソク,とら-える,27555,1
1268,速,,辵,10,3,,fast,ソク,はや-い|はや-める|はや-まる|すみ-やか,1764,3
1269,側,,人,11,4,,side,ソク,がわ,1157,3
1270,測,,水,12,5,,fathom,ソク,はか-る,2494,2
1271,俗,,人,9,S,,vulgar,ゾク,,7597,1
1272,族,,方,11,3,,tribe,ゾク,,445,4
1273,属,屬,尸,12,5,,belong,ゾク,,1737,1
1274,賊,,貝,13,S,,burglar,ゾク,,5163,1
1275,続,續,糸,13,4,,continue,ゾク,つづ-く|つづ-ける,282,3
1276,卒,,十,8,4,,graduate,ソツ,,2842,2
1277,率,,玄,11,5,,rate,ソツ|リツ,ひき-いる,2180,1
1278,存,,子,6,6,,suppose,ソン|ゾン,,542,3
1279,村,,木,7,1,,village,ソン,むら,1149,2
1280,孫,,子,10,4,,grandchild,ソン,まご,3075,2
1281,尊,,寸,12,6,,revered,ソン,たっと-い|とうと-い|たっと-ぶ|とうと-ぶ,3441,2
1282,損,,手,13,5,,loss,ソン,そこ-なう|そこ-ねる,3802,2
1283,遜,,辵,14,S,2010,humble,ソン,,30652,1
1284,他,,人,5,3,,other,タ,ほか,145,3
1285,多,,夕,6,2,,many,タ,おお-い,119,4
1286,汰,,水,7,S,2010,luxury,タ,,20641,1
1287,打,,手,5,3,,hit,ダ,う-つ,525,3
1288,妥,,女,7,S,,gentle,ダ,,5091,1
1289,唾,,口,11,S,2010,saliva,ダ,つば,7731,1
1290,堕,墮,土,12,S,,degenerate,ダ,,16528,1
1291,惰,,心,12,S,,lazy,ダ,,30426,1
1292,駄,,馬,14,S,1981,burdensome,ダ,,604,1
1293,太,,大,4,2,,thick,タイ|タ,ふと-い|ふと-る,1535,3
1294,対,對,寸,7,3,,opposite,タイ|ツイ,,202,3
1295,体,體,骨,7,2,,body,タイ|テイ,からだ,257,4
1296,耐,,而,9,S,,resistant,タイ,た-える,2038,1
1297,待,,彳,9,3,,wait,タイ,ま-つ,330,4
1298,怠,,心,9,S,,neglect,タイ,おこた-る|なま-ける,5759,1
1299,胎,,肉,9,S,,womb,タイ,,7539,1
1300,退,,辵,9,6,,retreat,タイ,しりぞ-く|しりぞ-ける,5489,3
1301,帯,帶,巾,10,4,,sash,タイ,お-びる|おび,1641,2
1302,泰,,水,10,S,,peaceful,タイ,,25969,1
1303,堆,,土,11,S,2010,piled high,タイ,,12469,1
1304,袋,,衣,11,S,,sack,タイ,ふくろ,3299,2
1305,逮,,辵,11,S,,apprehend,タイ,,2921,1
1306,替,,曰,12,S,,exchange,タイ,か-える|か-わる,3433,2
1307,貸,,貝,12,5,,lend,タイ,か-す,2221,4
1308,隊,,阜,12,4,,group,タイ,,3212,1
1309,滞,滯,水,13,S,,stagnate,タイ,とどこお-る,5506,1
1310,態,,心,14,5,,condition,タイ,,336,1
1311,戴,,戈,17,S,2010,be crowned with,タイ,,5480,1
1312,大,,大,3,1,,large,ダイ|タイ,おお|おお-きい|おお-いに,193,5
1313,代,,人,5,3,,substitute,ダイ|タイ,か-わる|か-える|よ|しろ,357,4
1314,台,臺,至,5,2,,pedestal,ダイ|タイ,,1497,4
1315,第,,竹,11,3,,ordinal number prefix,ダイ,,698,1
1316,題,,頁,18,3,,topic,ダイ,,126,4
1317,滝,瀧,水,13,S,,waterfall,,たき,4197,1
1318,宅,,宀,6,6,,home,タク,,1579,3
1319,択,擇,手,7,S,,choose,タク,,1054,1
1320,沢,澤,水,7,S,,swamp,タク,さわ,532,1
1321,卓,,十,8,S,,eminent,タク,,5246,1
1322,拓,,手,8,S,,clear (the land),タク,,11828,1
1323,託,,言,10,S,,consign,タク,,6756,1
1324,濯,,水,17,S,1981,laundry,タク,,6300,2
1325,諾,,言,15,S,,consent,ダク,,8504,1
1326,濁,,水,16,S,,voiced,ダク,にご-る|にご-す,9119,1
1327,但,,人,7,S,,however,,ただ-し,461,1
1328,達,,辵,12,4,,attain,タツ,,353,3
1329,脱,,肉,11,S,,undress,ダツ,ぬ-ぐ|ぬ-げる,2705,1
1330,奪,,大,14,S,,rob,ダツ,うば-う,1674,1
1331,棚,,木,12,S,1981,shelf,,たな,4070,1
1332,誰,,言,15,S,2010,who (question word),,だれ,161,1
1333,丹,,丶,4,S,,cinnabar,タン,,11352,1
1334,旦,,日,5,S,2010,daybreak,タン|ダン,,1621,1
1335,担,擔,手,8,6,,shouldering,タン,かつ-ぐ|にな-う,1425,2
1336,単,單,口,9,4,,simple,タン,,421,3
1337,炭,,火,9,3,,charcoal,タン,すみ,6402,2
1338,胆,膽,肉,9,S,,gall bladder,タン,,4447,1
1339,探,,手,11,6,,grope,タン,さぐ-る|さが-す,556,3
1340,淡,,水,11,S,,thin,タン,あわ-い,4728,1
1341,短,,矢,12,3,,short,タン,みじか-い,971,2
1342,嘆,嘆,口,13,S,,sigh,タン,なげ-く|なげ-かわしい,5202,1
1343,端,,立,14,S,,edge,タン,はし|は|はた,1911,1
1344,綻,,糸,14,S,2010,rip,タン,ほころ-びる,7845,1
1345,誕,,言,15,6,,nativity,タン,,3102,1
1346,鍛,,金,17,S,,forge,タン,きた-える,4461,1
1347,団,團,囗,6,5,,group,ダン（トン）,,2070,2
1348,男,,田,7,1,,male,ダン|ナン,おとこ,172,5
1349,段,,殳,9,6,,steps,ダン,,1061,3
1350,断,斷,斤,11,5,,cut off,ダン,た-つ|ことわ-る,1104,3
1351,弾,彈,弓,12,S,,bullet,ダン,ひ-く|はず-む|たま,3457,1
1352,暖,,日,13,6,,warmth,ダン,あたた-か|あたた-かい|あたた-まる|あたた-める,9458,1
1353,談,,言,15,3,,discuss,ダン,,1297,3
1354,壇,,土,16,S,,podium,ダン（タン）,,9483,1
1355,地,,土,6,2,,ground,チ|ジ,,358,4
1356,池,,水,6,2,,pond,チ,いけ,3292,2
1357,知,,矢,8,2,,know,チ,し-る,102,4
1358,値,,人,10,6,,value,チ,ね|あたい,1176,3
1359,恥,,心,10,S,,shame,チ,は-じる|はじ|は-じらう|は-ずかしい,2011,3
1360,致,,至,10,S,,(to) do,チ,いた-す,570,1
1361,遅,遲,辵,12,S,,slow,チ,おく-れる|おく-らす|おそ-い,1080,3
1362,痴,癡,疒,13,S,,stupid,チ,,6577,1
1363,稚,,禾,13,S,,immature,チ,,2948,1
1364,置,,网,13,4,,put,チ,お-く,202,3
1365,緻,,糸,16,S,2010,fine (not coarse),チ,,14117,1
1366,竹,,竹,6,1,,bamboo,チク,たけ,4992,2
1367,畜,,田,10,S,,livestock,チク,,8518,2
1368,逐,,辵,10,S,,pursue,チク,,16528,1
1369,蓄,,艸,13,S,,amass,チク,たくわ-える,5291,1
1370,築,,竹,16,5,,fabricate,チク,きず-く,2370,2
1371,秩,,禾,10,S,,regularity,チツ,,3811,1
1372,窒,,穴,11,S,,plug up,チツ,,13676,1
1373,茶,,艸,9,2,,tea,チャ|サ,,2007,4
1374,着,,羊,12,3,,wear,チャク（ジャク）,き-る|き-せる|つ-く|つ-ける,735,4
1375,嫡,,女,14,S,,legitimate wife,チャク,,38723,1
1376,中,,丨,4,1,,middle,チュウ（ジュウ）,なか,61,5
1377,仲,,人,6,4,,relationship,チュウ,なか,1193,2
1378,虫,蟲,虫,6,1,,insect,チュウ,むし,2594,2
1379,沖,,水,7,4,,open sea,チュウ,おき,2146,1
1380,宙,,宀,8,6,,mid-air,チュウ,,2075,1
1381,忠,,心,8,6,,loyalty,チュウ,,4797,1
1382,抽,,手,8,S,,pluck,チュウ,,3172,1
1383,注,,水,8,3,,pour,チュウ,そそ-ぐ,768,4
1384,昼,晝,日,9,2,,daytime,チュウ,ひる,2611,4
1385,柱,,木,9,3,,pillar,チュウ,はしら,2420,2
1386,衷,,衣,9,S,,inmost,チュウ,,54067,1
1387,酎,,酉,10,S,2010,sake,チュウ,,8771,1
1388,鋳,鑄,金,15,S,,casting,チュウ,い-る,24369,1
1389,駐,,馬,15,S,,stop-over,チュウ,,2588,2
1390,著,著,艸,11,6,,renowned,チョ,あらわ-す|いちじる-しい,1661,2
1391,貯,,貝,12,5,,savings,チョ,,6545,2
1392,丁,,一,2,3,,ward,チョウ|テイ,,880,1
1393,弔,,弓,4,S,,condolences,チョウ,とむら-う,22646,1
1394,庁,廳,广,5,6,,government office,チョウ,,4787,2
1395,兆,,儿,6,4,,portent|trillion,チョウ,きざ-す|きざ-し,8195,2
1396,町,,田,7,1,,town,チョウ,まち,593,4
1397,長,,長,8,2,,long,チョウ,なが-い,288,5
1398,挑,,手,9,S,1981,challenge,チョウ,いど-む,3622,1
1399,帳,,巾,11,3,,account book,チョウ,,5759,1
1400,張,,弓,11,5,,stretch,チョウ,は-る,279,1
1401,彫,,彡,11,S,,carve,チョウ,ほ-る,6705,1
1402,眺,,目,11,S,1981,stare,チョウ,なが-める,989,1
1403,釣,,金,11,S,1981,angling,チョウ,つ-る,4733,1
1404,頂,,頁,11,6,,place on the head,チョウ,いただ-く|いただき,523,3
1405,鳥,,鳥,11,2,,bird,チョウ,とり,1875,4
1406,朝,,月,12,2,,morning,チョウ,あさ,568,4
1407,貼,,貝,12,S,2010,paste,チョウ,は-る,36762,1
1408,超,,走,12,S,,transcend,チョウ,こ-える|こ-す,16528,2
1409,腸,,肉,13,6,,intestines,チョウ,,6705,1
1410,跳,,足,13,S,,hop,チョウ,は-ねる|と-ぶ,11982,1
1411,徴,徵,彳,14,S,,indications,チョウ,,778,1
1412,嘲,,口,15,S,2010,ridicule,チョウ,あざけ-る,16018,1
1413,潮,,水,15,6,,tide,チョウ,しお,5589,1
1414,澄,,水,15,S,,lucidity,チョウ,す-む|す-ます,5673,1
1415,調,,言,15,3,,investigate,チョウ,しら-べる|ととの-う|ととの-える,524,3
1416,聴,聽,耳,17,S,,listen,チョウ,き-く,8973,1
1417,懲,懲,心,18,S,,penal,チョウ,こ-りる|こ-らす|こ-らしめる,7107,1
1418,直,,目,8,2,,straight,チョク|ジキ,ただ-ちに|なお-す|なお-る,206,3
1419,勅,敕,力,9,S,,imperial order,チョク,,28287,1
1420,捗,,手,10,S,2010,make progress,チョク,,17699,1
1421,沈,,水,7,S,,sink,チン,しず-む|しず-める,2889,2
1422,珍,,玉,9,S,,rare,チン,めずら-しい,1270,2
1423,朕,,月,10,S,,majestic plural,チン,,25093,1
1424,陳,,阜,11,S,,exhibit,チン,,16470,1
1425,賃,,貝,13,6,,fare,チン,,3758,1
1426,鎮,鎭,金,18,S,,tranquilize,チン,しず-める|しず-まる,20538,1
1427,追,,辵,9,3,,follow,ツイ,お-う,1077,3
1428,椎,,木,12,S,2010,oak,ツイ,,8790,1
1429,墜,,土,15,S,,crash,ツイ,,18928,1
1430,通,,辵,10,2,,pass through,ツウ（ツ）,とお-る|とお-す|かよ-う,328,4
1431,痛,,疒,12,6,,pain,ツウ,いた-い|いた-む|いた-める,979,3
1432,塚,塚,土,12,S,1981,hillock,,つか,19424,1
1433,漬,,水,14,S,1981,pickling,,つ-ける|つ-かる,8252,1
1434,坪,,土,8,S,,two-mat area,,つぼ,39544,1
1435,爪,,爪,4,S,2010,claw,,つめ（つま）,3019,1
1436,鶴,,鳥,21,S,2010,crane,,つる,8943,1
1437,低,,人,7,4,,low,テイ,ひく-い|ひく-める|ひく-まる,503,2
1438,呈,,口,7,S,,display,テイ,,5257,1
1439,廷,,廴,7,S,,courts,テイ,,5453,1
1440,弟,,弓,7,2,,younger brother,テイ（ダイ）（デ）,おとうと,1614,4
1441,定,,宀,8,3,,decide,テイ|ジョウ,さだ-める|さだ-まる|さだ-か,377,3
1442,底,,广,8,4,,bottom,テイ,そこ,1632,2
1443,抵,,手,8,S,,resist,テイ,,1866,1
1444,邸,,邑,8,S,,residence,テイ,,14035,1
1445,亭,,亠,9,S,1981,pavilion,テイ,,6825,1
1446,貞,,貝,9,S,,upright,テイ,,18418,1
1447,帝,,巾,9,S,,sovereign,テイ,,4300,1
1448,訂,,言,9,S,,revise,テイ,,9264,1
1449,庭,,广,10,3,,garden,テイ,にわ,909,3
1450,逓,遞,辵,10,S,,relay,テイ,,75993,1
1451,停,,人,11,5,,halt,テイ,,4212,2
1452,偵,,人,11,S,1981,spy,テイ,,13050,1
1453,堤,,土,12,S,,dike,テイ,つつみ,9716,1
1454,提,,手,12,5,,present,テイ,さ-げる,1020,1
1455,程,,禾,12,5,,extent,テイ,ほど,477,3
1456,艇,,舟,13,S,,rowboat,テイ,,24083,1
1457,締,,糸,15,S,,tighten,テイ,し-まる|し-める,1818,1
1458,諦,,言,16,S,2010,abandon,テイ,あきら-める,1584,1
1459,泥,,水,8,S,1981,mud,デイ,どろ,5578,2
1460,的,,白,8,4,,target,テキ,まと,373,4
1461,笛,,竹,11,3,,flute,テキ,ふえ,8311,1
1462,摘,,手,14,S,,pinch,テキ,つ-む,1096,1
1463,滴,,水,14,S,,drip,テキ,しずく|したた-る,10385,2
1464,適,,辵,14,5,,suitable,テキ,,1074,3
1465,敵,,攴,15,6,,enemy,テキ,かたき,1039,1
1466,溺,,水,13,S,2010,drown,デキ,おぼ-れる,8409,1
1467,迭,,辵,8,S,,transfer,テツ,,48898,1
1468,哲,,口,10,S,,philosophy,テツ,,3791,1
1469,鉄,鐵,金,13,3,,iron,テツ,,3170,2
1470,徹,,彳,15,S,,penetrate,テツ,,3209,1
1471,撤,,手,15,S,,remove,テツ,,9918,1
1472,天,,大,4,1,,heaven,テン,あめ（あま）,1718,5
1473,典,,八,8,4,,code,テン,,4231,1
1474,店,,广,8,2,,shop,テン,みせ,530,4
1475,点,點,黑,9,2,,point,テン,,260,3
1476,展,,尸,10,6,,expand,テン,,1293,1
1477,添,,水,11,S,,annexed,テン,そ-える|そ-う,2412,1
1478,転,轉,車,11,3,,revolve,テン,ころ-がる|ころ-げる|ころ-がす|ころ-ぶ,1774,4
1479,塡,,土,13,S,2010,fill in,テン,,536048,1
1480,田,,田,5,1,,rice paddy,デン,た,2914,4
1481,伝,傳,人,6,4,,transmit,デン,つた-わる|つた-える|つた-う,493,3
1482,殿,,殳,13,S,,Mr.,デン|テン,との|どの,7575,2
1483,電,,雨,13,2,,electricity,デン,,369,5
1484,斗,,斗,4,S,,Big Dipper,ト,,11408,1
1485,吐,,口,6,S,,spit,ト,は-く,2301,1
1486,妬,,女,8,S,2010,jealousy,ト,ねた-む,6860,1
1487,徒,,彳,10,4,,junior,ト,,1392,3
1488,途,,辵,10,S,,route,ト,,965,3
1489,都,都,邑,11,3,,metropolis,ト|ツ,みやこ,1429,3
1490,渡,,水,12,S,,transit,ト,わた-る|わた-す,917,3
1491,塗,,土,13,S,,paint,ト,ぬ-る,1797,2
1492,賭,,貝,16,S,2010,gamble,ト,か-ける,10309,1
1493,土,,土,3,1,,soil,ド|ト,つち,636,5
1494,奴,,女,5,S,,guy,ド,,561,1
1495,努,,力,7,4,,toil,ド,つと-める,954,3
1496,度,,广,9,3,,degrees,ド（ト）（タク）,たび,291,4
1497,怒,,心,9,S,,angry,ド,いか-る|おこ-る,1136,3
1498,刀,,刀,2,2,,sword,トウ,かたな,3370,1
1499,冬,,冫,5,2,,winter,トウ,ふゆ,1045,4
1500,灯,燈,火,6,4,,lamp,トウ,ひ,8973,2
1501,当,當,田,6,2,,hit,トウ,あ-たる|あ-てる,201,3
1502,投,,手,7,3,,throw,トウ,な-げる,2297,3
1503,豆,,豆,7,3,,beans,トウ（ズ）,まめ,4389,1
1504,東,,木,8,2,,east,トウ,ひがし,510,5
1505,到,,刀,8,S,,arrival,トウ,,2489,3
1506,逃,,辵,9,S,,escape,トウ,に-げる|に-がす|のが-す|のが-れる,1072,3
1507,倒,,人,10,S,,overthrow,トウ,たお-れる|たお-す,1787,3
1508,凍,,冫,10,S,,frozen,トウ,こお-る|こご-える,5970,2
1509,唐,,口,10,S,,T'ang,トウ,から,7035,1
1510,島,,山,10,3,,island,トウ,しま,1416,2
1511,桃,,木,10,S,,peach tree,トウ,もも,4007,1
1512,討,,言,10,6,,chastise,トウ,う-つ,975,1
1513,透,,辵,10,S,,transparent,トウ,す-く|す-かす|す-ける,5068,1
1514,党,黨,黑,10,6,,group,トウ,,3192,2
1515,悼,,心,11,S,,lament,トウ,いた-む,25550,1
1516,盗,盜,皿,11,S,,steal,トウ,ぬす-む,3264,3
1517,陶,,阜,11,S,,pottery,トウ,,11076,1
1518,塔,,土,12,S,,pagoda,トウ,,4760,2
1519,搭,,手,12,S,1981,board,トウ,,4681,1
1520,棟,,木,12,S,1981,ridgepole,トウ,むね（むな）,14415,1
1521,湯,,水,12,3,,hot water,トウ,ゆ,2527,2
1522,痘,,疒,12,S,,pox,トウ,,33856,1
1523,登,,癶,12,3,,climb,トウ|ト,のぼ-る,1174,3
1524,答,,竹,12,2,,answer,トウ,こた-える|こた-え,344,4
1525,等,,竹,12,3,,class,トウ,ひと-しい,270,3
1526,筒,,竹,12,S,,cylinder,トウ,つつ,4410,2
1527,統,,糸,12,5,,unite,トウ,す-べる,2465,1
1528,稲,稻,禾,14,S,,rice plant,トウ,いね（いな）,7081,1
1529,踏,,足,15,S,,step,トウ,ふ-む|ふ-まえる,1492,1
1530,糖,,米,16,6,,sugar,トウ,,2640,1
1531,頭,,頁,16,2,,head,トウ|ズ（ト）,あたま|かしら,252,3
1532,謄,,言,17,S,,mimeograph,トウ,,21150,1
1533,藤,,艸,18,S,2010,wisteria,トウ,ふじ,6136,1
1534,闘,鬭,鬥,18,S,,fight,トウ,たたか-う,5027,1
1535,騰,,馬,20,S,,inflation,トウ,,7668,1
1536,同,,口,6,2,,same,ドウ,おな-じ,137,4
1537,洞,,水,9,S,1981,den,ドウ,ほら,7695,1
1538,胴,,肉,10,S,,trunk,ドウ,,10654,1
1539,動,,力,11,3,,move,ドウ,うご-く|うご-かす,555,4
1540,堂,,土,11,5,,public chamber,ドウ,,4197,4
1541,童,,立,12,3,,juvenile,ドウ,わらべ,2956,2
1542,道,,辵,12,2,,road,ドウ（トウ）,みち,395,4
1543,働,,人,13,4,,work,ドウ,はたら-く,432,3
1544,銅,,金,14,5,,copper,ドウ,,8153,2
1545,導,,寸,15,5,,guide,ドウ,みちび-く,1482,2
1546,瞳,,目,17,S,2010,pupil,ドウ,ひとみ,2318,1
1547,峠,,山,9,S,,mountain peak,,とうげ,7248,1
1548,匿,,匸,10,S,,hide,トク,,13476,1
1549,特,,牛,10,4,,special,トク,,212,4
1550,得,,彳,11,5,,acquire,トク,え-る|う-る,240,3
1551,督,,目,13,S,,coach,トク,,1918,1
1552,徳,德,彳,14,4,,benevolence,トク,,7017,1
1553,篤,,竹,16,S,,fervent,トク,,17314,1
1554,毒,,毋,8,5,,poison,ドク,,5545,2
1555,独,獨,犬,9,5,,alone,ドク,ひと-り,2169,1
1556,読,讀,言,14,2,,read,ドク|トク（トウ）,よ-む,292,5
1557,栃,,木,9,4,2010,horse chestnut,（とち）,,9851,1
1558,凸,,凵,5,S,1981,convex,トツ,,16127,1
1559,突,突,穴,8,S,,stab,トツ,つ-く,849,3
1560,届,屆,尸,8,6,,deliver,,とど-ける|とど-く,827,2
1561,屯,,屮,4,S,1981,barracks,トン,,16973,1
1562,豚,,豕,11,S,,pork,トン,ぶた,4484,1
1563,頓,,頁,13,S,2010,suddenly,トン,,30426,1
1564,貪,,貝,11,S,2010,covet,ドン,むさぼ-る,12882,1
1565,鈍,,金,12,S,,dull,ドン,にぶ-い|にぶ-る,5742,2
1566,曇,,日,16,S,,cloudy weather,ドン,くも-る,5583,2
1567,丼,,丶,5,S,2010,bowl of food,,どんぶり（どん）,12469,1
1568,那,,邑,7,S,2010,what,ナ,,1916,1
1569,奈,,大,8,4,2010,what,ナ,,5828,1
1570,内,,入,4,2,,inside,ナイ（ダイ）,うち,134,3
1571,梨,,木,11,4,2010,pear tree,,なし,9392,1
1572,謎,,言,17,S,2010,riddle,,なぞ,2627,1
1573,鍋,,金,17,S,2010,pot,,なべ,2316,1
1574,南,,十,9,2,,south,ナン（ナ）,みなみ,1626,5
1575,軟,,車,11,S,,soft,ナン,やわ-らか|やわ-らかい,3478,2
1576,難,難,隹,18,6,,difficult,ナン,かた-い|むずか-しい,465,3
1577,二,,二,2,1,,two,ニ,ふた|ふた-つ,78,5
1578,尼,,尸,5,S,,nun,ニ,あま,24946,1
1579,弐,貳,貝,6,S,,two (falsification prevention),ニ,,94453,1
1580,匂,,勹,4,S,2010,scent,,にお-う,984,1
1581,肉,,肉,6,2,,meat,ニク,,1564,4
1582,虹,,虫,9,S,2010,rainbow,,にじ,7865,1
1583,日,,日,4,1,,day,ニチ|ジツ,ひ|か,111,5
1584,入,,入,2,1,,enter,ニュウ,い-る|い-れる|はい-る,110,5
1585,乳,,乙,8,6,,milk,ニュウ,ちち|ち,3126,2
1586,尿,,尸,7,S,,urine,ニョウ,,5334,1
1587,任,,人,6,5,,responsibility,ニン,まか-せる|まか-す,705,3
1588,妊,,女,7,S,,pregnancy,ニン,,3546,1
1589,忍,,心,7,S,,endure,ニン,しの-ぶ|しの-ばせる,10510,1
1590,認,,言,14,6,,recognize,ニン,みと-める,287,3
1591,寧,,宀,14,S,,rather,ネイ,,711,1
1592,熱,,火,15,4,,heat,ネツ,あつ-い,1562,3
1593,年,,干,6,1,,year,ネン,とし,712,5
1594,念,,心,8,4,,thought,ネン,,1036,3
1595,捻,,手,11,S,2010,twist,ネン,,4992,1
1596,粘,,米,11,S,,sticky,ネン,ねば-る,8130,1
1597,燃,,火,16,5,,burn,ネン,も-える|も-やす|も-す,2688,2
1598,悩,惱,心,10,S,,trouble,ノウ,なや-む|なや-ます,1243,2
1599,納,,糸,10,6,,settlement,ノウ（ナッ）（ナ）（ナン）（トウ）,おさ-める|おさ-まる,2559,1
1600,能,,肉,10,5,,ability,ノウ,,409,3
1601,脳,腦,肉,11,6,,brain,ノウ,,1657,2
1602,農,,辰,13,3,,farming,ノウ,,2165,2
1603,濃,,水,16,S,,concentrated,ノウ,こ-い,1837,2
1604,把,,手,7,S,1981,grasp,ハ,,1966,1
1605,波,,水,8,3,,wave,ハ,なみ,1961,2
1606,派,,水,9,6,,sect,ハ,,1555,1
1607,破,,石,10,5,,rend,ハ,やぶ-る|やぶ-れる,2802,3
1608,覇,霸,雨,19,S,1981,hegemony,ハ,,21936,1
1609,馬,,馬,10,2,,horse,バ,うま（ま）,1028,3
1610,婆,,女,11,S,,old woman,バ,,7958,1
1611,罵,,网,15,S,2010,insult,バ,ののし-る,9186,1
1612,拝,拜,手,8,6,,worship,ハイ,おが-む,8535,2
1613,杯,,木,8,S,,counter for cupfuls,ハイ,さかずき,1589,3
1614,背,,肉,9,6,,back,ハイ,せ|せい|そむ-く|そむ-ける,1139,3
1615,肺,,肉,9,6,,lungs,ハイ,,6415,1
1616,俳,,人,10,6,,haiku,ハイ,,5020,1
1617,配,,酉,10,3,,distribute,ハイ,くば-る,1466,3
1618,排,,手,11,S,,repudiate,ハイ,,3565,1
1619,敗,,攴,11,4,,failure,ハイ,やぶ-れる,2006,3
1620,廃,廢,广,12,S,,abolish,ハイ,すた-れる|すた-る,3478,1
1621,輩,,車,15,S,,comrade,ハイ,,2519,1
1622,売,賣,貝,7,2,,sell,バイ,う-る|う-れる,666,4
1623,倍,,人,10,3,,double,バイ,,4992,2
1624,梅,梅,木,10,4,,ume (Japanese apricot),バイ,うめ,4880,1
1625,培,,土,11,S,,cultivate,バイ,つちか-う,6691,1
1626,陪,,阜,11,S,,obeisance,バイ,,30209,1
1627,媒,,女,12,S,,mediator,バイ,,11932,1
1628,買,,貝,12,2,,buy,バイ,か-う,226,4
1629,賠,,貝,15,S,,compensation,バイ,,7081,1
1630,白,,白,5,1,,white,ハク|ビャク,しろ（しら）|しろ-い,538,5
1631,伯,,人,7,S,,chief,ハク,,2307,1
1632,拍,,手,8,S,,clap,ハク（ヒョウ）,,5491,1
1633,泊,,水,8,S,,overnight,ハク,と-まる|と-める,2536,2
1634,迫,,辵,8,S,,urge,ハク,せま-る,1425,1
1635,剝,,刀,10,S,2010,peel,ハク,は-がす|は-ぐ|は-がれる|は-げる,9999999,1
1636,舶,,舟,11,S,,liner,ハク,,5113,1
1637,博,,十,12,4,,Dr.,ハク（バク）,,4818,1
1638,薄,,艸,16,S,,dilute,ハク,うす-い|うす-める|うす-まる|うす-らぐ|うす-れる,1168,2
1639,麦,麥,麥,7,2,,wheat,バク,むぎ,6421,2
1640,漠,,水,13,S,1981,vague,バク,,4872,1
1641,縛,,糸,16,S,,truss,バク,しば-る,3854,1
1642,爆,,火,19,S,,explode,バク,,5403,2
1643,箱,,竹,15,3,,box,,はこ,2184,3
1644,箸,,竹,15,S,2010,chopsticks,,はし,4584,1
1645,畑,,田,9,3,,farm,,はた|はたけ,2654,1
1646,肌,,肉,6,S,1981,texture,,はだ,1341,2
1647,八,,八,2,1,,eight,ハチ,や|や-つ|やっ-つ（よう）,522,5
1648,鉢,,金,13,S,1981,bowl,ハチ（ハツ）,,6433,1
1649,発,發,癶,9,3,,departure,ハツ|ホツ,,719,4
1650,髪,髮,髟,14,S,,hair of the head,ハツ,かみ,1121,3
1651,伐,,人,6,S,,fell,バツ,,18418,1
1652,抜,拔,手,7,S,,slip out,バツ,ぬ-く|ぬ-ける|ぬ-かす|ぬ-かる,1347,3
1653,罰,,网,14,S,,penalty,バツ|バチ,,5194,1
1654,閥,,門,14,S,,clique,バツ,,13716,1
1655,反,,又,4,3,,anti-,ハン（ホン）（タン）,そ-る|そ-らす,1645,3
1656,半,,十,5,2,,half,ハン,なか-ば,2000,5
1657,氾,,水,5,S,2010,spread out,ハン,,16831,1
1658,犯,,犬,5,5,,crime,ハン,おか-す,1478,3
1659,帆,,巾,6,S,,sail,ハン,ほ,14827,1
1660,汎,,水,6,S,2010,pan-,ハン,,40769,1
1661,伴,,人,7,S,,consort,ハン|バン,ともな-う,516,1
1662,判,,刀,7,5,,judge,ハン|バン,,1104,3
1663,坂,,土,7,3,,slope,ハン,さか,4880,2
1664,阪,,阜,7,4,2010,heights,ハン,,1493,1
1665,板,,木,8,3,,board,ハン|バン,いた,3499,2
1666,版,,片,8,5,,printing block,ハン,,3693,2
1667,班,,玉,10,6,,squad,ハン,,17170,1
1668,畔,,田,10,S,,paddy-ridge,ハン,,20245,1
1669,般,,舟,10,S,,generally,ハン,,805,2
1670,販,,貝,11,S,,marketing,ハン,,2510,2
1671,斑,,文,12,S,2010,blemish,ハン,,18741,1
1672,飯,,食,12,4,,meal,ハン,めし,1322,4
1673,搬,,手,13,S,,conveyor,ハン,,17170,1
1674,煩,,火,13,S,,anxiety,ハン（ボン）,わずら-う|わずら-わす,2791,1
1675,頒,,頁,13,S,,partition,ハン,,70996,1
1676,範,,竹,15,S,,pattern,ハン,,1164,1
1677,繁,繁,糸,16,S,,luxuriant,ハン,,3158,1
1678,藩,,艸,18,S,,clan,ハン,,7813,1
1679,晩,晚,日,12,6,,nightfall,バン,,3202,3
1680,番,,田,12,2,,one's turn,バン,,251,3
1681,蛮,蠻,虫,12,S,,barbarian,バン,,17170,1
1682,盤,,皿,15,S,,tray,バン,,3376,1
1683,比,,比,4,5,,compare,ヒ,くら-べる,413,2
1684,皮,,皮,5,3,,skin,ヒ,かわ,1876,2
1685,妃,,女,6,S,,queen,ヒ,,14934,1
1686,否,,口,7,6,,negate,ヒ,いな,468,3
1687,批,,手,7,6,,criticism,ヒ,,2108,1
1688,彼,,彳,8,S,,he,ヒ,かれ（かの）,94,3
1689,披,,手,8,S,1981,expose,ヒ,,5168,1
1690,肥,,肉,8,5,,fertilizer,ヒ,こ-える|こえ|こ-やす|こ-やし,6456,1
1691,非,,非,8,5,,negative,ヒ,,338,3
1692,卑,卑,十,9,S,,lowly,ヒ,いや-しい|いや-しむ|いや-しめる,11906,1
1693,飛,,飛,9,4,,fly,ヒ,と-ぶ|と-ばす,898,3
1694,疲,,疒,10,S,,exhausted,ヒ,つか-れる,1292,3
1695,秘,祕,示,10,6,,secret,ヒ,ひ-める,1977,1
1696,被,,衣,10,S,,incur,ヒ,こうむ-る,1314,2
1697,悲,,心,12,3,,sad,ヒ,かな-しい|かな-しむ,1841,3
1698,扉,,戶,12,S,1981,front door,ヒ,とびら,1983,1
1699,費,,貝,12,5,,expense,ヒ,つい-やす|つい-える,1123,3
1700,碑,碑,石,14,S,,tombstone,ヒ,,10493,1
1701,罷,,网,15,S,,quit,ヒ,,20331,1
1702,避,,辵,16,S,,evade,ヒ,さ-ける,928,1
1703,尾,,尸,7,S,,tail,ビ,お,5316,1
1704,眉,,目,9,S,2010,eyebrow,ビ（ミ）,まゆ,3376,1
1705,美,,羊,9,3,,beauty,ビ,うつく-しい,473,3
1706,備,,人,12,5,,provide,ビ,そな-える|そな-わる,729,3
1707,微,,彳,13,S,,delicate,ビ,,2056,1
1708,鼻,,鼻,14,3,,nose,ビ,はな,1402,2
1709,膝,,肉,15,S,2010,knee,,ひざ,1617,1
1710,肘,,肉,7,S,2010,elbow,,ひじ,5506,1
1711,匹,,匸,4,S,,equal,ヒツ,ひき,4332,2
1712,必,,心,5,4,,without fail,ヒツ,かなら-ず,179,3
1713,泌,,水,8,S,,ooze,ヒツ|ヒ,,9425,1
1714,筆,,竹,12,3,,writing brush,ヒツ,ふで,2858,2
1715,姫,,女,10,S,,princess,,ひめ,6393,1
1716,百,,白,6,1,,hundred,ヒャク,,2485,5
1717,氷,,水,5,3,,ice,ヒョウ,こおり|ひ,3212,2
1718,表,,衣,8,3,,express,ヒョウ,おもて|あらわ-す|あらわ-れる,475,3
1719,俵,,人,10,6,,bag,ヒョウ,たわら,13523,1
1720,票,,示,11,4,,ballot,ヒョウ,,6510,1
1721,評,,言,12,5,,evaluate,ヒョウ,,742,1
1722,漂,,水,14,S,,drift,ヒョウ,ただよ-う,2366,1
1723,標,,木,15,4,,signpost,ヒョウ,,948,1
1724,苗,,艸,8,S,,seedling,ビョウ,なえ（なわ）,6415,1
1725,秒,,禾,9,3,,second (part of time),ビョウ,,12015,2
1726,病,,疒,10,3,,sick,ビョウ（ヘイ）,や-む|やまい,634,4
1727,描,,手,11,S,,sketch,ビョウ,えが-く|か-く,454,1
1728,猫,,犬,11,S,1981,cat,ビョウ,ねこ,1060,3
1729,品,,口,9,3,,article,ヒン,しな,491,4
1730,浜,濱,水,10,S,,seacoast,ヒン,はま,3313,1
1731,貧,,貝,11,5,,poor,ヒン|ビン,まず-しい,3496,3
1732,賓,賓,貝,15,S,,V.I.P.,ヒン,,37494,1
1733,頻,頻,頁,17,S,1981,repeatedly,ヒン,,3158,1
1734,敏,敏,攴,10,S,,cleverness,ビン,,4613,1
1735,瓶,甁,瓦,11,S,1981,flower pot,ビン,,4558,2
1736,不,,一,4,4,,non-,フ|ブ,,968,4
1737,夫,,大,4,4,,husband,フ（フウ）,おっと,558,3
1738,父,,父,4,2,,father,フ,ちち,439,5
1739,付,,人,5,4,,attach,フ,つ-ける|つ-く,143,3
1740,布,,巾,5,5,,linen,フ,ぬの,2925,2
1741,扶,,手,7,S,,aid,フ,,11982,1
1742,府,,广,8,4,,urban prefecture,フ,,688,2
1743,怖,,心,8,S,,dreadful,フ,こわ-い,846,3
1744,阜,,阜,8,4,2010,mound,（フ）,,10654,1
1745,附,,阜,8,S,,affixed,フ,,91538,1
1746,訃,,言,9,S,2010,obituary,フ,,33856,1
1747,負,,貝,9,3,,lose,フ,ま-ける|ま-かす|お-う,1162,3
1748,赴,,走,9,S,,proceed,フ,おもむ-く,5453,1
1749,浮,,水,10,S,,floating,フ,う-く|う-かれる|う-かぶ|う-かべる,1410,3
1750,婦,,女,11,5,,lady,フ,,1615,3
1751,符,,竹,11,S,,token,フ,,7081,2
1752,富,,宀,12,4,,rich,フ（フウ）,と-む|とみ,2484,3
1753,普,,日,12,S,,universal,フ,,657,2
1754,腐,,肉,14,S,,rot,フ,くさ-る|くさ-れる|くさ-らす,4389,1
1755,敷,,攴,15,S,,spread,フ,し-く,2456,1
1756,膚,,肉,15,S,,skin,フ,,2716,2
1757,賦,,貝,15,S,,levy,フ,,41696,1
1758,譜,,言,19,S,,musical score,フ,,11016,1
1759,侮,侮,人,8,S,,scorn,ブ,あなど-る,20245,1
1760,武,,止,8,5,,military,ブ|ム,,2711,2
1761,部,,邑,11,3,,part,ブ,,322,3
1762,舞,,舛,15,S,,dance,ブ,ま-う|まい,1228,3
1763,封,,寸,9,S,,seal,フウ|ホウ,,4410,2
1764,風,,風,9,2,,wind,フウ（フ）,かぜ（かざ）,286,4
1765,伏,,人,6,S,,prostrated,フク,ふ-せる|ふ-す,4683,1
1766,服,,月,8,3,,clothes,フク,,1416,4
1767,副,,刀,11,4,,vice,フク,,4353,2
1768,幅,,巾,12,S,,breadth,フク,はば,1629,2
1769,復,,彳,12,5,,again,フク,,2503,2
1770,福,福,示,13,3,,luck,フク,,3083,3
1771,腹,,肉,13,6,,abdomen,フク,はら,1114,3
1772,複,,衣,14,5,,duplicate,フク,,1577,2
1773,覆,,襾,18,S,,capsize,フク,おお-う|くつがえ-す|くつがえ-る,1836,1
1774,払,拂,手,5,S,,pay,フツ,はら-う,812,3
1775,沸,,水,8,S,,seethe,フツ,わ-く|わ-かす,2345,2
1776,仏,佛,人,4,5,,Buddha,ブツ,ほとけ,3383,2
1777,物,,牛,8,3,,thing,ブツ|モツ,もの,34,4
1778,粉,,米,10,5,,flour,フン,こ|こな,4491,2
1779,紛,,糸,10,S,,distract,フン,まぎ-れる|まぎ-らす|まぎ-らわす|まぎ-らわしい,5194,1
1780,雰,,雨,12,S,1981,atmosphere,フン,,1014,1
1781,噴,,口,15,S,,erupt,フン,ふ-く,10654,1
1782,墳,,土,15,S,,tomb,フン,,10292,1
1783,憤,,心,15,S,,aroused,フン,いきどお-る,14069,1
1784,奮,,大,16,6,,stirred up,フン,ふる-う,3721,1
1785,分,,刀,4,2,,part|minute of time,ブン|フン|ブ,わ-ける|わ-かれる|わ-かる|わ-かつ,68,5
1786,文,,文,4,1,,writing,ブン|モン,ふみ,815,4
1787,聞,,耳,14,2,,hear,ブン|モン,き-く|き-こえる,101,5
1788,丙,,一,5,S,,third class,ヘイ,,32181,1
1789,平,,干,5,3,,flat,ヘイ|ビョウ,たい-ら|ひら,249,3
1790,兵,,八,7,4,,soldier,ヘイ|ヒョウ,,3559,2
1791,併,倂,人,8,S,,join,ヘイ,あわ-せる,4019,1
1792,並,竝,立,8,6,,line-up,ヘイ,なみ|なら-べる|なら-ぶ|なら-びに,790,2
1793,柄,,木,9,S,,design,ヘイ,がら|え,3278,1
1794,陛,,阜,10,6,,highness,ヘイ,,5855,1
1795,閉,,門,11,6,,closed,ヘイ,と-じる|と-ざす|し-める|し-まる,1559,3
1796,塀,塀,土,12,S,1981,fence,ヘイ,,6714,1
1797,幣,,巾,15,S,,cash,ヘイ,,8598,1
1798,弊,,廾,15,S,,abuse,ヘイ,,7909,1
1799,蔽,,艸,15,S,2010,cover,ヘイ,,20746,1
1800,餅,餠,食,15,S,2010,mochi rice cake,ヘイ,もち,5468,1
1801,米,,米,6,2,,rice,ベイ|マイ,こめ,1022,3
1802,壁,,土,16,S,,wall,ヘキ,かべ,867,1
1803,璧,,玉,18,S,2010,sphere,ヘキ,,3289,1
1804,癖,,疒,18,S,,mannerism,ヘキ,くせ,1654,1
1805,別,,刀,7,4,,separate,ベツ,わか-れる,370,4
1806,蔑,,艸,14,S,2010,ignore,ベツ,さげす-む,9336,1
1807,片,,片,4,6,,one-sided,ヘン,かた,3203,2
1808,辺,邊,辵,5,4,,environs,ヘン,あた-り|べ,716,2
1809,返,,辵,7,3,,return,ヘン,かえ-す|かえ-る,243,3
1810,変,變,言,9,4,,change,ヘン,か-わる|か-える,220,3
1811,偏,,人,11,S,,partial,ヘン,かたよ-る,6244,1
1812,遍,,辵,12,S,,everywhere,ヘン,,8010,1
1813,編,,糸,15,5,,compile,ヘン,あ-む,4722,2
1814,弁,辨瓣辯,辛瓜辛,5,5,,valve,ベン,,2244,1
1815,便,,人,9,4,,convenience,ベン|ビン,たよ-り,1677,3
1816,勉,勉,力,10,3,,exertion,ベン,,1487,4
1817,歩,步,止,8,2,,walk,ホ|ブ（フ）,ある-く|あゆ-む,385,4
1818,保,,人,9,5,,preserve,ホ,たも-つ,1371,1
1819,哺,,口,10,S,2010,suckle,ホ,,13199,1
1820,捕,,手,10,S,,catch,ホ,と-らえる|と-らわれる|と-る|つか-まえる|つか-まる,846,3
1821,補,,衣,12,6,,supplement,ホ,おぎな-う,4467,2
1822,舗,,舌,15,S,,pavement,ホ,,4528,1
1823,母,,毋,5,2,,mother,ボ,はは,383,5
1824,募,,力,12,S,,recruit,ボ,つの-る,3403,2
1825,墓,,土,13,5,,grave,ボ,はか,3087,1
1826,慕,,心,14,S,,pining,ボ,した-う,9204,1
1827,暮,,日,14,6,,livelihood,ボ,く-れる|く-らす,1175,3
1828,簿,,竹,19,S,,register,ボ,,10702,1
1829,方,,方,4,2,,direction,ホウ,かた,74,4
1830,包,,勹,5,4,,wrap,ホウ,つつ-む,1354,2
1831,芳,,艸,7,S,,perfume,ホウ,かんば-しい,18278,1
1832,邦,,邑,7,S,,home country,ホウ,,12499,1
1833,奉,,大,8,S,,observance,ホウ（ブ）,たてまつ-る,13116,1
1834,宝,寶,宀,8,6,,treasure,ホウ,たから,6300,2
1835,抱,,手,8,S,,embrace,ホウ,だ-く|いだ-く|かか-える,931,3
1836,放,,攴,8,3,,release,ホウ,はな-す|はな-つ|はな-れる|ほう-る,2155,3
1837,法,,水,8,4,,method,ホウ（ハッ）（ホッ）,,253,3
1838,泡,,水,8,S,1981,bubbles,ホウ,あわ,6120,1
1839,胞,,肉,9,S,,placenta,ホウ,,2568,1
1840,俸,,人,10,S,1981,salary,ホウ,,24503,1
1841,倣,,人,10,S,,emulate,ホウ,なら-う,5884,1
1842,峰,,山,10,S,,summit,ホウ,みね,14527,1
1843,砲,,石,10,S,,cannon,ホウ,,8161,1
1844,崩,,山,11,S,,crumble,ホウ,くず-れる|くず-す,2769,1
1845,訪,,言,11,6,,visit,ホウ,おとず-れる|たず-ねる,1031,3
1846,報,,土,12,5,,report,ホウ,むく-いる,350,3
1847,蜂,,虫,13,S,2010,bee,ホウ,はち,8243,1
1848,豊,豐,豆,13,5,,bountiful,ホウ,ゆた-か,1325,2
1849,飽,,食,13,S,,sated,ホウ,あ-きる|あ-かす,1311,1
1850,褒,襃,衣,15,S,1981,praise,ホウ,ほ-める,2464,1
1851,縫,,糸,16,S,,sew,ホウ,ぬ-う,5325,1
1852,亡,,亠,3,6,,deceased,ボウ（モウ）,な-い,1490,3
1853,乏,,丿,4,S,,scarce,ボウ,とぼ-しい,4244,1
1854,忙,,心,6,S,,busy,ボウ,いそが-しい,1488,3
1855,坊,,土,7,S,,boy,ボウ（ボッ）,,3980,1
1856,妨,,女,7,S,,disturb,ボウ,さまた-げる,4584,1
1857,忘,,心,7,6,,forget,ボウ,わす-れる,426,3
1858,防,,阜,7,5,,prevent,ボウ,ふせ-ぐ,1713,2
1859,房,,戶,8,S,,tassel,ボウ,ふさ,3398,1
1860,肪,,肉,8,S,,obese,ボウ,,4663,1
1861,某,,木,9,S,,so-and-so,ボウ,,15600,1
1862,冒,,冂,9,S,,risk,ボウ,おか-す,4084,1
1863,剖,,刀,10,S,,divide,ボウ,,14488,1
1864,紡,,糸,10,S,,spinning,ボウ,つむ-ぐ,18835,1
1865,望,,月,11,4,,hope,ボウ|モウ,のぞ-む,1202,3
1866,傍,,人,12,S,,bystander,ボウ,かたわ-ら,2930,1
1867,帽,,巾,12,S,,cap,ボウ,,3106,2
1868,棒,,木,12,6,,rod,ボウ,,3752,2
1869,貿,,貝,12,5,,trade,ボウ,,3987,2
1870,貌,,豸,14,S,2010,appearance,ボウ,,10578,1
1871,暴,,日,15,5,,outburst,ボウ（バク）,あば-く|あば-れる,3221,2
1872,膨,,肉,16,S,,swell,ボウ,ふく-らむ|ふく-れる,2970,1
1873,謀,,言,16,S,,conspire,ボウ（ム）,はか-る,9680,1
1874,頰,,頁,16,S,2010,cheek,,ほお,405782,1
1875,北,,匕,5,2,,north,ホク,きた,1500,5
1876,木,,木,4,1,,tree,ボク|モク,き（こ）,449,5
1877,朴,,木,6,S,1981,crude,ボク,,5232,1
1878,牧,,牛,8,4,,breed,ボク,まき,9637,1
1879,睦,,目,13,S,2010,harmonious,ボク,,28477,1
1880,僕,,人,14,S,1981,me,ボク,,135,1
1881,墨,墨,土,14,S,,black ink,ボク,すみ,6456,1
1882,撲,,手,15,S,,slap,ボク,,8072,1
1883,没,沒,水,7,S,,drown,ボツ,,10556,1
1884,勃,,力,9,S,2010,rise,ボツ,,16916,1
1885,堀,,土,11,S,1981,ditch,,ほり,9601,1
1886,本,,木,5,1,,book,ホン,もと,111,5
1887,奔,,大,8,S,,bustle,ホン,,16605,1
1888,翻,飜,飛,18,S,,flip,ホン,ひるがえ-る|ひるがえ-す,6207,1
1889,凡,,几,3,S,,mediocre,ボン（ハン）,,2400,1
1890,盆,,皿,9,S,,basin,ボン,,8865,1
1891,麻,,麻,11,S,,hemp,マ,あさ,7116,1
1892,摩,,手,15,S,,chafe,マ,,10132,1
1893,磨,,石,16,S,1981,grind,マ,みが-く,3187,2
1894,魔,,鬼,21,S,,witch,マ,,3907,1
1895,毎,每,毋,6,2,,every,マイ,,842,5
1896,妹,,女,8,2,,younger sister,マイ,いもうと,1701,4
1897,枚,,木,8,6,,sheet of...,マイ,,1215,2
1898,昧,,日,9,S,2010,foolish,マイ,,3134,1
1899,埋,,土,10,S,,bury,マイ,う-める|う-まる|う-もれる,2649,2
1900,幕,,巾,13,6,,curtain,マク|バク,,2736,1
1901,膜,,肉,14,S,,membrane,マク,,10334,1
1902,枕,,木,8,S,2010,pillow,,まくら,6159,1
1903,又,,又,2,S,,or again,,また,81,1
1904,末,,木,5,4,,end,マツ|バツ,すえ,2842,3
1905,抹,,手,8,S,1981,rub,マツ,,16768,1
1906,万,萬,艸,3,2,,ten thousand,マン|バン,,4467,5
1907,満,滿,水,12,4,,full,マン,み-ちる|み-たす,1521,3
1908,慢,,心,14,S,,ridicule,マン,,2636,1
1909,漫,,水,14,S,,cartoon,マン,,2902,1
1910,未,,木,5,4,,not yet,ミ,,177,3
1911,味,,口,8,3,,flavor,ミ,あじ|あじ-わう,186,4
1912,魅,,鬼,15,S,,fascination,ミ,,1353,1
1913,岬,,山,8,S,1981,headland,,みさき,13077,1
1914,密,,宀,11,6,,secrecy,ミツ,,1977,1
1915,蜜,,虫,14,S,2010,honey,ミツ,,6667,1
1916,脈,,肉,10,5,,vein,ミャク,,8518,1
1917,妙,,女,7,S,,exquisite,ミョウ,,2056,1
1918,民,,氏,5,4,,people,ミン,たみ,590,3
1919,眠,,目,10,S,,sleep,ミン,ねむ-る|ねむ-い,1415,3
1920,矛,,矛,5,S,,halberd,ム,ほこ,4080,1
1921,務,,力,11,5,,duty,ム,つと-める|つと-まる,1274,3
1922,無,,火,12,4,,nothing,ム|ブ,な-い,33,4
1923,夢,,夕,13,5,,dream,ム,ゆめ,515,3
1924,霧,,雨,19,S,,fog,ム,きり,4050,1
1925,娘,,女,10,S,,daughter,,むすめ,500,3
1926,名,,口,6,1,,name,メイ|ミョウ,な,360,5
1927,命,,口,8,3,,fate,メイ|ミョウ,いのち,893,3
1928,明,,日,8,2,,bright,メイ|ミョウ,あ-かり|あか-るい|あか-るむ|あか-らむ|あき-らか|あ-ける|あ-く|あ-くる|あ-かす,427,4
1929,迷,,辵,9,5,,astray,メイ,まよ-う,1671,3
1930,冥,,冖,10,S,2010,dark,メイ|ミョウ,,22764,1
1931,盟,,皿,13,6,,alliance,メイ,,11181,1
1932,銘,,金,14,S,,inscription,メイ,,5571,1
1933,鳴,,鳥,14,2,,chirp,メイ,な-く|な-る|な-らす,2388,3
1934,滅,,水,13,S,,destroy,メツ,ほろ-びる|ほろ-ぼす,3299,1
1935,免,免,儿,8,S,,excuse,メン,まぬか-れる,2743,1
1936,面,,面,9,3,,face,メン,おも|おもて|つら,538,3
1937,綿,,糸,14,5,,cotton,メン,わた,9086,2
1938,麺,麵,麥,16,S,2010,noodles,メン,,5337,1
1939,茂,,艸,8,S,,overgrown,モ,しげ-る,7777,1
1940,模,,木,14,6,,imitation,モ|ボ,,1933,1
1941,毛,,毛,4,2,,hair,モウ,け,3131,2
1942,妄,,女,6,S,1981,delusion,モウ|ボウ,,6510,1
1943,盲,,目,8,S,,blind,モウ,,17699,1
1944,耗,,耒,10,S,,decrease,モウ（コウ）,,14576,1
1945,猛,,犬,11,S,,fierce,モウ,,6352,1
1946,網,,糸,14,S,,netting,モウ,あみ,4575,1
1947,目,,目,5,1,,eye,モク（ボク）,め（ま）,123,4
1948,黙,默,黑,15,S,,silence,モク,だま-る,1272,1
1949,門,,門,8,2,,gates,モン,かど,2239,2
1950,紋,,糸,10,S,,family crest,モン,,6723,1
1951,問,,口,11,3,,question,モン,と-う|と-い（とん）,126,4
1952,冶,,冫,7,S,2010,melting,ヤ,,37494,1
1953,夜,,夕,8,2,,night,ヤ,よ|よる,396,4
1954,野,,里,11,2,,field,ヤ,の,1281,4
1955,弥,彌,弓,8,S,2010,all the more,,や,15600,1
1956,厄,,厂,4,S,1981,unlucky,ヤク,,5512,1
1957,役,,彳,7,3,,service,ヤク|エキ,,694,3
1958,約,,糸,9,4,,promise,ヤク,,1470,3
1959,訳,譯,言,11,6,,translate,ヤク,わけ,92,1
1960,薬,藥,艸,16,3,,medicine,ヤク,くすり,1048,3
1961,躍,,足,21,S,,leap,ヤク,おど-る,2345,1
1962,闇,,門,17,S,2010,darkness,,やみ,1969,1
1963,由,,田,5,3,,reason,ユ|ユウ（ユイ）,よし,309,3
1964,油,,水,8,3,,oil,ユ,あぶら,2373,2
1965,喩,,口,12,S,2010,metaphor,ユ,,13676,1
1966,愉,,心,12,S,,pleasure,ユ,,7509,1
1967,諭,,言,16,S,,rebuke,ユ,さと-す,11856,1
1968,輸,,車,16,5,,transport,ユ,,2686,2
1969,癒,,疒,18,S,1981,healing,ユ,い-える|い-やす,3973,1
1970,唯,,口,11,S,,solely,ユイ（イ）,,342,1
1971,友,,又,4,2,,friend,ユウ,とも,601,5
1972,有,,月,6,3,,have,ユウ|ウ,あ-る,20,4
1973,勇,,力,9,4,,courage,ユウ,いさ-む,2321,2
1974,幽,,幺,9,S,,seclude,ユウ,,6433,1
1975,悠,,心,11,S,1981,permanence,ユウ,,15772,1
1976,郵,,邑,11,6,,mail,ユウ,,3681,2
1977,湧,,水,12,S,2010,boil,ユウ,わ-く,13642,1
1978,猶,,犬,12,S,,furthermore,ユウ,,447,1
1979,裕,,衣,12,S,,abundant,ユウ,,1682,1
1980,遊,,辵,12,3,,play,ユウ（ユ）,あそ-ぶ,684,3
1981,雄,,隹,12,S,,male,ユウ,お|おす,3283,1
1982,誘,,言,14,S,,entice,ユウ,さそ-う,1600,1
1983,憂,,心,15,S,,melancholy,ユウ,うれ-える|うれ-い|う-い,9250,1
1984,融,,虫,16,S,,dissolve,ユウ,,2685,1
1985,優,,人,17,6,,superior,ユウ,やさ-しい|すぐ-れる,808,3
1986,与,與,臼,3,S,,give,ヨ,あた-える,272,3
1987,予,豫,豕,4,3,,in advance,ヨ,,838,3
1988,余,餘,食,7,5,,leave over,ヨ,あま-る|あま-す,313,3
1989,誉,譽,言,13,S,,reputation,ヨ,ほま-れ,5523,1
1990,預,,頁,13,6,,deposit,ヨ,あず-ける|あず-かる,3051,2
1991,幼,,幺,5,6,,infancy,ヨウ,おさな-い,2555,2
1992,用,,用,5,2,,use,ヨウ,もち-いる,400,4
1993,羊,,羊,6,3,,sheep,ヨウ,ひつじ,5124,1
1994,妖,,女,7,S,2010,bewitching,ヨウ,あや-しい,10869,1
1995,洋,,水,9,3,,ocean,ヨウ,,4129,4
1996,要,,襾,9,4,,need,ヨウ,かなめ|い-る,179,3
1997,容,,宀,10,5,,contain,ヨウ,,280,3
1998,庸,,广,11,S,,commonplace,ヨウ,,36418,1
1999,揚,,手,12,S,,hoist,ヨウ,あ-げる|あ-がる,11352,1
2000,揺,搖,手,12,S,,swing,ヨウ,ゆ-れる|ゆ-る|ゆ-らぐ|ゆ-るぐ|ゆ-する|ゆ-さぶる|ゆ-すぶる,2582,1
2001,葉,,艸,12,3,,leaf,ヨウ,は,157,3
2002,陽,,阜,12,3,,sunshine,ヨウ,,1535,3
2003,溶,,水,13,S,,melt,ヨウ,と-ける|と-かす|と-く,3403,2
2004,腰,,肉,13,S,,loins,ヨウ,こし,829,2
2005,様,樣,木,14,3,,formal title,ヨウ,さま,27,3
2006,瘍,,疒,14,S,2010,boil (medical),ヨウ,,10913,1
2007,踊,,足,14,S,,jump,ヨウ,おど-る|おど-り,2152,2
2008,窯,,穴,15,S,,kiln,ヨウ,かま,14239,1
2009,養,,食,15,4,,foster,ヨウ,やしな-う,3745,1
2010,擁,,手,16,S,,embrace,ヨウ,,10613,1
2011,謡,謠,言,16,S,,noh chanting,ヨウ,うたい|うた-う,15652,1
2012,曜,,日,18,2,,day of the week,ヨウ,,3340,4
2013,抑,,手,7,S,,repress,ヨク,おさ-える,1628,1
2014,沃,,水,7,S,2010,fertility,ヨク,,26483,1
2015,浴,,水,10,4,,bathe,ヨク,あ-びる|あ-びせる,2285,2
2016,欲,,欠,11,6,,longing,ヨク,ほっ-する|ほ-しい,597,3
2017,翌,,羽,11,6,,the following,ヨク,,2380,2
2018,翼,,羽,17,S,,wing,ヨク,つばさ,4683,1
2019,拉,,手,8,S,2010,crush,ラ,,16605,1
2020,裸,,衣,13,S,,naked,ラ,はだか,3617,1
2021,羅,,网,19,S,1981,gauze,ラ,,7597,1
2022,来,來,人,7,2,,come,ライ,く-る|きた-る|きた-す,56,5
2023,雷,,雨,13,S,,thunder,ライ,かみなり,6095,1
2024,頼,賴,貝,16,S,,trust,ライ,たの-む|たの-もしい|たよ-る,815,3
2025,絡,,糸,12,S,,entwine,ラク,から-む|から-まる|から-める,1089,2
2026,落,,艸,12,3,,fall,ラク,お-ちる|お-とす,630,3
2027,酪,,酉,13,S,,dairy products,ラク,,33005,1
2028,辣,,辛,14,S,2010,bitter,ラツ,,20641,1
2029,乱,亂,乙,7,6,,riot,ラン,みだ-れる|みだ-す,3483,2
2030,卵,,卩,7,6,,egg,ラン,たまご,1506,2
2031,覧,覽,見,17,6,,perusal,ラン,,3313,1
2032,濫,,水,18,S,,excessive,ラン,,16831,1
2033,藍,,艸,18,S,2010,indigo,ラン,あい,10679,1
2034,欄,欄,木,20,S,,column,ラン,,4766,1
2035,吏,,口,6,S,,officer,リ,,16127,1
2036,利,,刀,7,4,,profit,リ,き-く,400,3
2037,里,,里,7,2,,village,リ,さと,4381,2
2038,理,,玉,11,2,,reason,リ,,309,4
2039,痢,,疒,12,S,,diarrhea,リ,,6791,1
2040,裏,,衣,13,6,,back,リ,うら,1484,2
2041,履,,尸,15,S,,footgear,リ,は-く,1989,1
2042,璃,,玉,15,S,2010,glassy,リ,,28676,1
2043,離,,隹,19,S,,detach,リ,はな-れる|はな-す,594,1
2044,陸,,阜,11,4,,land,リク,,5768,2
2045,立,,立,5,1,,stand up,リツ（リュウ）,た-つ|た-てる,254,4
2046,律,,彳,9,6,,law,リツ（リチ）,,504,2
2047,慄,,心,13,S,2010,fear,リツ,,25969,1
2048,略,,田,11,5,,abbreviation,リャク,,755,2
2049,柳,,木,9,S,,willow,リュウ,やなぎ,9278,1
2050,流,,水,10,3,,stream,リュウ（ル）,なが-れる|なが-す,772,3
2051,留,,田,10,5,,detain,リュウ（ル）,と-める|と-まる,1846,3
2052,竜,龍,龍,10,S,1981,dragon,リュウ,たつ,4552,1
2053,粒,,米,11,S,,grains,リュウ,つぶ,7223,2
2054,隆,隆,阜,11,S,,hump,リュウ,,17770,1
2055,硫,,石,12,S,,sulphur,リュウ,,20641,1
2056,侶,,人,9,S,2010,companion,リョ,,7321,1
2057,旅,,方,10,3,,trip,リョ,たび,1120,4
2058,虜,虜,虍,13,S,,captive,リョ,,8205,1
2059,慮,,心,15,S,,prudence,リョ,,1795,1
2060,了,,亅,2,S,,finish,リョウ,,2191,2
2061,両,兩,入,6,3,,both,リョウ,,1343,3
2062,良,,艮,7,4,,good,リョウ,よ-い,82,3
2063,料,,斗,10,4,,fee,リョウ,,688,4
2064,涼,,水,11,S,,refreshing,リョウ,すず-しい|すず-む,4398,2
2065,猟,獵,犬,11,S,,game-hunting,リョウ,,11239,1
2066,陵,,阜,11,S,,mausoleum,リョウ,みささぎ,14783,1
2067,量,,里,12,4,,quantity,リョウ,はか-る,1055,2
2068,僚,,人,14,S,,colleague,リョウ,,3275,1
2069,領,,頁,14,5,,territory,リョウ,,2435,2
2070,寮,,宀,15,S,,dormitory,リョウ,,8010,1
2071,療,,疒,17,S,,heal,リョウ,,1296,2
2072,瞭,,目,17,S,2010,clear,リョウ,,7299,1
2073,糧,,米,18,S,,provisions,リョウ（ロウ）,かて,5491,1
2074,力,,力,2,1,,power,リョク|リキ,ちから,299,4
2075,緑,綠,糸,14,3,,green,リョク（ロク）,みどり,1361,2
2076,林,,木,8,1,,woods,リン,はやし,3099,2
2077,厘,,厂,9,S,,thousandth,リン,,43644,1
2078,倫,,人,10,S,,ethics,リン,,7969,1
2079,輪,,車,15,4,,wheel,リン,わ,3192,2
2080,隣,,阜,16,S,,neighboring,リン,とな-る|となり,1099,1
2081,臨,,臣,18,6,,look to,リン,のぞ-む,3748,1
2082,瑠,,玉,14,S,2010,lapis lazuli,ル,,28676,1
2083,涙,淚,水,10,S,,tears,ルイ,なみだ,1033,2
2084,累,,糸,11,S,,accumulate,ルイ,,20146,1
2085,塁,壘,土,12,S,,bases,ルイ,,20859,1
2086,類,類,頁,18,4,,sort,ルイ,たぐ-い,879,3
2087,令,,人,5,4,,orders,レイ,,1279,2
2088,礼,禮,示,5,3,,thanks,レイ|ライ,,3626,3
2089,冷,,冫,7,4,,cool,レイ,つめ-たい|ひ-える|ひ-や|ひ-やす|ひ-やかす|さ-める|さ-ます,1443,3
2090,励,勵,力,7,S,,encourage,レイ,はげ-む|はげ-ます,4479,1
2091,戻,戾,戶,7,S,1981,re-,レイ,もど-す|もど-る,315,3
2092,例,,人,8,4,,example,レイ,たと-える,224,3
2093,鈴,,金,13,S,,small bell,レイ|リン,すず,6800,1
2094,零,,雨,13,S,,zero,レイ,,1107,2
2095,霊,靈,雨,15,S,,spirits,レイ|リョウ,たま,4317,1
2096,隷,,隶,16,S,,slave,レイ,,5819,1
2097,齢,齡,齒,17,S,,age,レイ,,1105,2
2098,麗,,鹿,19,S,,lovely,レイ,うるわ-しい,502,1
2099,暦,曆,日,14,S,,calendar,レキ,こよみ,11408,1
2100,歴,歷,止,14,5,,curriculum,レキ,,647,2
2101,列,,刀,6,3,,row,レツ,,2838,3
2102,劣,,力,6,S,,inferiority,レツ,おと-る,3925,1
2103,烈,,火,10,S,,ardent,レツ,,3439,1
2104,裂,,衣,12,S,,split,レツ,さ-く|さ-ける,5301,1
2105,恋,戀,心,10,S,,romance,レン,こ-う|こい|こい-しい,1835,2
2106,連,,辵,10,4,,take along,レン,つら-なる|つら-ねる|つ-れる,696,3
2107,廉,,广,13,S,,bargain,レン,,29094,1
2108,練,練,糸,14,3,,practice,レン,ね-る,1727,2
2109,錬,鍊,金,16,S,,tempering,レン,,28886,1
2110,呂,,口,7,S,2010,spine,ロ,,3367,1
2111,炉,爐,火,8,S,,hearth,ロ,,10760,1
2112,賂,,貝,13,S,2010,bribe,ロ,,13786,1
2113,路,,足,13,3,,road,ロ,じ,1318,3
2114,露,,雨,21,S,,dew,ロ（ロウ）,つゆ,5168,1
2115,老,,老,6,4,,old man,ロウ,お-いる|ふ-ける,1563,3
2116,労,勞,力,7,4,,labour,ロウ,,1775,3
2117,弄,,廾,7,S,2010,tamper with,ロウ,もてあそ-ぶ,6577,1
2118,郎,郞,邑,9,S,,son,ロウ,,6530,1
2119,朗,朗,月,10,6,,melodious,ロウ,ほが-らか,16528,1
2120,浪,,水,10,S,,wandering,ロウ,,12307,1
2121,廊,廊,广,12,S,,corridor,ロウ,,2107,1
2122,楼,樓,木,13,S,,watchtower,ロウ,,37494,1
2123,漏,,水,14,S,,leak,ロウ,も-る|も-れる|も-らす,3037,1
2124,籠,,竹,22,S,2010,basket,ロウ,かご|こ-もる,3468,1
2125,六,,八,4,1,,six,ロク,む|む-つ|むっ-つ（むい）,337,5
2126,録,錄,金,16,4,,record,ロク,,1540,2
2127,麓,,鹿,19,S,2010,foot of a mountain,ロク,ふもと,7090,1
2128,論,,言,15,6,,theory,ロン,,265,3
2129,和,,口,8,3,,peace,ワ（オ）,やわ-らぐ|やわ-らげる|なご-む|なご-やか,233,3
2130,話,,言,13,2,,talk,ワ,はな-す|はなし,142,5
2131,賄,,貝,13,S,,bribe|board,ワイ,まかな-う,6940,1
2132,脇,,肉,10,S,2010,aside,,わき,2340,1
2133,惑,,心,12,S,,beguile,ワク,まど-う,3278,1
2134,枠,,木,8,S,1981,frame,,わく,3589,1
2135,湾,灣,水,12,S,,gulf,ワン,,3036,2
2136,腕,,肉,12,S,,arm,ワン,うで,863,2
